phase,layer,n_pairs,n_scenarios,delta_norm_mean,direction_coherence,heldout_cosine_mean,heldout_positive_rate,permutation_p,null_unit,null_draws
pre_selector,0,0,0,0.0,0.0,0.0,0.0,1.0,scenario_id,0
pre_selector,1,0,0,0.0,0.0,0.0,0.0,1.0,scenario_id,0
pre_selector,2,0,0,0.0,0.0,0.0,0.0,1.0,scenario_id,0
pre_selector,3,0,0,0.0,0.0,0.0,0.0,1.0,scenario_id,0
pre_selector,4,0,0,0.0,0.0,0.0,0.0,1.0,scenario_id,0
pre_selector,5,0,0,0.0,0.0,0.0,0.0,1.0,scenario_id,0
pre_selector,6,0,0,0.0,0.0,0.0,0.0,1.0,scenario_id,0
pre_selector,7,0,0,0.0,0.0,0.0,0.0,1.0,scenario_id,0
pre_selector,8,0,0,0.0,0.0,0.0,0.0,1.0,scenario_id,0
pre_selector,9,0,0,0.0,0.0,0.0,0.0,1.0,scenario_id,0
pre_selector,10,0,0,0.0,0.0,0.0,0.0,1.0,scenario_id,0
pre_selector,11,0,0,0.0,0.0,0.0,0.0,1.0,scenario_id,0
pre_selector,12,0,0,0.0,0.0,0.0,0.0,1.0,scenario_id,0
pre_selector,13,0,0,0.0,0.0,0.0,0.0,1.0,scenario_id,0
pre_selector,14,0,0,0.0,0.0,0.0,0.0,1.0,scenario_id,0
pre_selector,15,0,0,0.0,0.0,0.0,0.0,1.0,scenario_id,0
pre_selector,16,0,0,0.0,0.0,0.0,0.0,1.0,scenario_id,0
pre_selector,17,0,0,0.0,0.0,0.0,0.0,1.0,scenario_id,0
pre_selector,18,0,0,0.0,0.0,0.0,0.0,1.0,scenario_id,0
pre_selector,19,0,0,0.0,0.0,0.0,0.0,1.0,scenario_id,0
pre_selector,20,0,0,0.0,0.0,0.0,0.0,1.0,scenario_id,0
pre_selector,21,0,0,0.0,0.0,0.0,0.0,1.0,scenario_id,0
pre_selector,22,0,0,0.0,0.0,0.0,0.0,1.0,scenario_id,0
pre_selector,23,0,0,0.0,0.0,0.0,0.0,1.0,scenario_id,0
pre_selector,24,0,0,0.0,0.0,0.0,0.0,1.0,scenario_id,0
pre_selector,25,0,0,0.0,0.0,0.0,0.0,1.0,scenario_id,0
pre_selector,26,0,0,0.0,0.0,0.0,0.0,1.0,scenario_id,0
pre_selector,27,0,0,0.0,0.0,0.0,0.0,1.0,scenario_id,0
pre_selector,28,0,0,0.0,0.0,0.0,0.0,1.0,scenario_id,0
pre_selector,29,0,0,0.0,0.0,0.0,0.0,1.0,scenario_id,0
pre_selector,30,0,0,0.0,0.0,0.0,0.0,1.0,scenario_id,0
pre_selector,31,0,0,0.0,0.0,0.0,0.0,1.0,scenario_id,0
pre_selector,32,0,0,0.0,0.0,0.0,0.0,1.0,scenario_id,0
pre_selector,33,0,0,0.0,0.0,0.0,0.0,1.0,scenario_id,0
pre_selector,34,0,0,0.0,0.0,0.0,0.0,1.0,scenario_id,0
pre_selector,35,0,0,0.0,0.0,0.0,0.0,1.0,scenario_id,0
post_selector,0,128,16,5.0932728877145985,0.011761146577640493,0.005713715715220831,0.5703125,0.02301025390625,scenario_id,65536
post_selector,1,128,16,6.813777062648162,0.010174497210785106,0.003542024633565387,0.6015625,0.03216552734375,scenario_id,65536
post_selector,2,128,16,8.083105067108985,0.010215364592434583,0.004433411401954968,0.6171875,0.001129150390625,scenario_id,65536
post_selector,3,128,16,10.15685598021025,0.013643882125419282,0.006544683382783802,0.515625,0.00128173828125,scenario_id,65536
post_selector,4,128,16,13.665531968567052,0.014583353920578043,0.00778345964668259,0.5546875,0.001068115234375,scenario_id,65536
post_selector,5,128,16,17.320084624577277,0.014345023849780142,0.0070825713866534195,0.5859375,0.002655029296875,scenario_id,65536
post_selector,6,128,16,20.137623699262157,0.013863005831635876,0.006258038413087999,0.5859375,0.00286865234375,scenario_id,65536
post_selector,7,128,16,21.617078407073436,0.014121283009708484,0.005398772973276419,0.5703125,0.0046844482421875,scenario_id,65536
post_selector,8,128,16,23.293903264102745,0.01707720528166167,0.006927351159889166,0.578125,0.00555419921875,scenario_id,65536
post_selector,9,128,16,28.193425213384625,0.01833413020175919,0.00680318522663684,0.578125,0.0125579833984375,scenario_id,65536
post_selector,10,128,16,27.817832408591357,0.020883018297696742,0.008090881371262692,0.5703125,0.0037689208984375,scenario_id,65536
post_selector,11,128,16,30.876319061565276,0.039655199022069924,0.029719078763029805,0.7109375,3.0517578125e-05,scenario_id,65536
post_selector,12,128,16,32.17643486090174,0.20907527854365673,0.20220528382006148,0.96875,1.52587890625e-05,scenario_id,65536
post_selector,13,128,16,36.870363420871314,0.2276269733109533,0.2197153707066943,0.96875,1.52587890625e-05,scenario_id,65536
post_selector,14,128,16,34.584766162152874,0.22159087991573936,0.21284261300389407,0.9921875,1.52587890625e-05,scenario_id,65536
post_selector,15,128,16,36.85805736031353,0.22015760696445222,0.20982793913984113,0.9765625,1.52587890625e-05,scenario_id,65536
post_selector,16,128,16,40.75175221401513,0.34608830495855153,0.336680664503643,1.0,1.52587890625e-05,scenario_id,65536
post_selector,17,128,16,43.95454713445099,0.36586634443246646,0.35447000835237696,1.0,1.52587890625e-05,scenario_id,65536
post_selector,18,128,16,49.94345519005657,0.4072308662977716,0.3948446520389234,1.0,1.52587890625e-05,scenario_id,65536
post_selector,19,128,16,59.74105047551697,0.46922561244572447,0.45679516646664126,1.0,1.52587890625e-05,scenario_id,65536
post_selector,20,128,16,65.3365229914813,0.44940825022935094,0.43695252933501433,1.0,1.52587890625e-05,scenario_id,65536
post_selector,21,128,16,74.89712877847226,0.4425087237098038,0.4307663675711456,1.0,1.52587890625e-05,scenario_id,65536
post_selector,22,128,16,86.84555746334186,0.3884774062872271,0.37794145836660165,1.0,1.52587890625e-05,scenario_id,65536
post_selector,23,128,16,96.65858835396817,0.38007245331407474,0.36944455374370444,1.0,1.52587890625e-05,scenario_id,65536
post_selector,24,128,16,108.86937541537061,0.3582142977116805,0.34718849317689027,1.0,1.52587890625e-05,scenario_id,65536
post_selector,25,128,16,119.9700057758987,0.3337267496538205,0.32296839018051465,1.0,1.52587890625e-05,scenario_id,65536
post_selector,26,128,16,133.79080756036504,0.3140451334831152,0.3032217572969755,1.0,1.52587890625e-05,scenario_id,65536
post_selector,27,128,16,152.85505107413286,0.28861758186131725,0.2780457885091897,1.0,1.52587890625e-05,scenario_id,65536
post_selector,28,128,16,173.89643539925336,0.26969180052964953,0.2589657191997078,0.9921875,1.52587890625e-05,scenario_id,65536
post_selector,29,128,16,195.73134327079276,0.2568785672398285,0.24573228226259297,0.984375,1.52587890625e-05,scenario_id,65536
post_selector,30,128,16,229.26142989264312,0.24002146157624518,0.22886983938832262,0.984375,1.52587890625e-05,scenario_id,65536
post_selector,31,128,16,263.8185682605056,0.22622199974238397,0.215181756325174,0.984375,1.52587890625e-05,scenario_id,65536
post_selector,32,128,16,293.4334414093798,0.22073822652077635,0.2092624659788898,0.984375,1.52587890625e-05,scenario_id,65536
post_selector,33,128,16,357.077340442827,0.1990168319630064,0.18751036031685747,0.984375,1.52587890625e-05,scenario_id,65536
post_selector,34,128,16,427.8387740502029,0.2008671763037378,0.18933188042738192,0.984375,1.52587890625e-05,scenario_id,65536
post_selector,35,128,16,82.08141441372146,0.18218494934483542,0.17123212349054767,0.9375,1.52587890625e-05,scenario_id,65536
public_task_span,0,128,16,0.080800766340263,0.022397187957165145,-0.0027028091222648107,0.484375,0.784149169921875,scenario_id,65536
public_task_span,1,128,16,0.11978084982381754,0.035014867719505294,0.006796889462002711,0.5234375,0.0547943115234375,scenario_id,65536
public_task_span,2,128,16,0.18823292437880013,0.03183372553360918,0.002538840617570394,0.5,0.0860595703125,scenario_id,65536
public_task_span,3,128,16,0.24678350522154324,0.03348936894675377,0.0016456134518481286,0.53125,0.21124267578125,scenario_id,65536
public_task_span,4,128,16,0.29573455559012823,0.038946286855574705,0.0036581224383005063,0.5234375,0.2108154296875,scenario_id,65536
public_task_span,5,128,16,0.36685632979623184,0.04091017440496063,0.0032243848491417797,0.5234375,0.26470947265625,scenario_id,65536
public_task_span,6,128,16,0.44070620970236,0.04592536886354634,0.006730313313469849,0.4609375,0.10589599609375,scenario_id,65536
public_task_span,7,128,16,0.5460541530247429,0.04606984095183549,-0.0006951542821732558,0.4375,0.55316162109375,scenario_id,65536
public_task_span,8,128,16,0.6472956514647734,0.047428521139145315,-0.004535003054277651,0.453125,0.7800750732421875,scenario_id,65536
public_task_span,9,128,16,0.6882119312065595,0.048790312111525305,-0.0024330232664601867,0.46875,0.667510986328125,scenario_id,65536
public_task_span,10,128,16,0.8117930670925284,0.04511231036210167,-0.0015351634278831716,0.4765625,0.6290130615234375,scenario_id,65536
public_task_span,11,128,16,0.9372889359586163,0.04330858800148596,-0.0014193970396815928,0.4375,0.6229400634765625,scenario_id,65536
public_task_span,12,128,16,0.9922402562224679,0.04675935355413603,0.0036247883250444123,0.484375,0.2401123046875,scenario_id,65536
public_task_span,13,128,16,0.9936266487642733,0.056808337022467924,0.014260866643046457,0.515625,0.0128326416015625,scenario_id,65536
public_task_span,14,128,16,1.1375158607429308,0.1538422137624281,0.13480190965261302,0.9453125,1.52587890625e-05,scenario_id,65536
public_task_span,15,128,16,1.2206032192894074,0.2105941103804658,0.19448854455524464,0.9609375,1.52587890625e-05,scenario_id,65536
public_task_span,16,128,16,1.3894695201851928,0.28757662781584953,0.27540644391591995,0.984375,1.52587890625e-05,scenario_id,65536
public_task_span,17,128,16,1.5578589455883636,0.33621928753340175,0.32499497774731784,0.984375,1.52587890625e-05,scenario_id,65536
public_task_span,18,128,16,1.7698747036777287,0.358355647562787,0.3470803447584899,1.0,1.52587890625e-05,scenario_id,65536
public_task_span,19,128,16,2.417142553607381,0.41746981182737625,0.4075706182776048,1.0,1.52587890625e-05,scenario_id,65536
public_task_span,20,128,16,2.639073799108656,0.42366897953610666,0.4129819070737161,1.0,1.52587890625e-05,scenario_id,65536
public_task_span,21,128,16,2.9437596738632594,0.4387285464930046,0.4273623947890004,1.0,1.52587890625e-05,scenario_id,65536
public_task_span,22,128,16,3.652102478296386,0.47057906389012905,0.45950519180114613,1.0,1.52587890625e-05,scenario_id,65536
public_task_span,23,128,16,4.357979002582272,0.49082687353218146,0.48014869056996845,1.0,1.52587890625e-05,scenario_id,65536
public_task_span,24,128,16,5.011219004482701,0.5003078957383791,0.4899678942918548,0.9609375,1.52587890625e-05,scenario_id,65536
public_task_span,25,128,16,5.762098641601108,0.5054585386499322,0.49554300021328496,0.953125,1.52587890625e-05,scenario_id,65536
public_task_span,26,128,16,6.4426047580476915,0.5151561720537081,0.5056847481938552,0.953125,1.52587890625e-05,scenario_id,65536
public_task_span,27,128,16,7.356422680729132,0.5099392854844008,0.5004426111196292,0.921875,1.52587890625e-05,scenario_id,65536
public_task_span,28,128,16,8.582720458824031,0.50977023042676,0.5002593517440863,0.9296875,1.52587890625e-05,scenario_id,65536
public_task_span,29,128,16,9.526711146241997,0.508048747119963,0.4985965317462709,0.9296875,1.52587890625e-05,scenario_id,65536
public_task_span,30,128,16,11.48232407139996,0.5188183635059883,0.5097999023428995,0.921875,1.52587890625e-05,scenario_id,65536
public_task_span,31,128,16,12.610046093839049,0.5211627408654504,0.5120747303498472,0.921875,1.52587890625e-05,scenario_id,65536
public_task_span,32,128,16,14.008684199762774,0.5240611612783792,0.5149064806816595,0.921875,1.52587890625e-05,scenario_id,65536
public_task_span,33,128,16,15.088347878678743,0.522874878771058,0.5134299284305317,0.9296875,1.52587890625e-05,scenario_id,65536
public_task_span,34,128,16,19.151103093881535,0.5368719293547123,0.5283441381135244,0.9140625,1.52587890625e-05,scenario_id,65536
public_task_span,35,128,16,3.3088781803466674,0.532851147531553,0.524974177513716,0.890625,1.52587890625e-05,scenario_id,65536
final_prompt,0,128,16,0.0500703227229598,0.06178830434720436,0.023399924897977598,0.6015625,0.0229949951171875,scenario_id,65536
final_prompt,1,128,16,0.10467126651820087,0.06408020212078655,-8.25528011867329e-05,0.53125,0.5039215087890625,scenario_id,65536
final_prompt,2,128,16,0.14326421637210657,0.06497266602554408,-0.00517704048423679,0.5,0.785430908203125,scenario_id,65536
final_prompt,3,128,16,0.18949725257151867,0.07775954123438115,0.012205356947230704,0.53125,0.122161865234375,scenario_id,65536
final_prompt,4,128,16,0.2572168892412433,0.07275854456043171,-0.0021176404323754987,0.5625,0.5952911376953125,scenario_id,65536
final_prompt,5,128,16,0.33613241195681376,0.071332312490547,-0.006675281832692343,0.4921875,0.86187744140625,scenario_id,65536
final_prompt,6,128,16,0.4171822081900748,0.08042829357535171,0.010616256332779832,0.515625,0.081817626953125,scenario_id,65536
final_prompt,7,128,16,0.48720056659697697,0.07938442237659532,0.004826203717595745,0.5078125,0.3137969970703125,scenario_id,65536
final_prompt,8,128,16,0.6455128533008656,0.07574192879661668,-0.0035335551430199772,0.4921875,0.6319732666015625,scenario_id,65536
final_prompt,9,128,16,0.8089909422062744,0.07993246495774334,0.003497140546494673,0.5078125,0.41680908203125,scenario_id,65536
final_prompt,10,128,16,0.9022593722614182,0.08860010120794981,0.01590389077621319,0.5546875,0.167266845703125,scenario_id,65536
final_prompt,11,128,16,0.9903687717588732,0.08757698875577809,0.011727072261970374,0.5546875,0.2397918701171875,scenario_id,65536
final_prompt,12,128,16,1.0451654359234448,0.0947553961925272,0.025774055044219965,0.6015625,0.0916595458984375,scenario_id,65536
final_prompt,13,128,16,1.2809108643597282,0.09460163920695099,0.022963606205529112,0.6171875,0.087188720703125,scenario_id,65536
final_prompt,14,128,16,1.39054316182049,0.09835474730952022,0.030172864621704754,0.609375,0.01708984375,scenario_id,65536
final_prompt,15,128,16,1.5358477049191586,0.10299040255155695,0.036398605936016654,0.671875,0.001373291015625,scenario_id,65536
final_prompt,16,128,16,1.6949664608706554,0.1451396805972232,0.0977373823181551,0.9140625,1.52587890625e-05,scenario_id,65536
final_prompt,17,128,16,1.9607217837359583,0.21475142585430332,0.18459961244944798,0.9765625,1.52587890625e-05,scenario_id,65536
final_prompt,18,128,16,2.9218433830639534,0.4856666845702596,0.4748883197026781,1.0,1.52587890625e-05,scenario_id,65536
final_prompt,19,128,16,5.0736615766655415,0.6589498644674929,0.6516851087410398,1.0,1.52587890625e-05,scenario_id,65536
final_prompt,20,128,16,7.3384237147133,0.7036451197990213,0.6973405961952391,1.0,1.52587890625e-05,scenario_id,65536
final_prompt,21,128,16,9.633695320928918,0.7354379328094766,0.7292327597107757,1.0,1.52587890625e-05,scenario_id,65536
final_prompt,22,128,16,11.477415280553258,0.7445392719246823,0.7385478882866741,1.0,1.52587890625e-05,scenario_id,65536
final_prompt,23,128,16,14.75434818836159,0.7349764352185892,0.7286462989476017,1.0,1.52587890625e-05,scenario_id,65536
final_prompt,24,128,16,17.2677260363571,0.7340936210176627,0.7271372660983151,1.0,1.52587890625e-05,scenario_id,65536
final_prompt,25,128,16,20.038916483720314,0.7505095493974452,0.7438292223913283,1.0,1.52587890625e-05,scenario_id,65536
final_prompt,26,128,16,23.417803529777057,0.7513175479184768,0.7443038507972628,1.0,1.52587890625e-05,scenario_id,65536
final_prompt,27,128,16,26.49423168328131,0.7531143425526108,0.7459956514278704,1.0,1.52587890625e-05,scenario_id,65536
final_prompt,28,128,16,30.52051587632048,0.7532501115005793,0.7458436325098294,1.0,1.52587890625e-05,scenario_id,65536
final_prompt,29,128,16,33.90829402754546,0.751255924624862,0.7436103352735051,1.0,1.52587890625e-05,scenario_id,65536
final_prompt,30,128,16,37.947608335175076,0.7511524593447295,0.7434851221265099,1.0,1.52587890625e-05,scenario_id,65536
final_prompt,31,128,16,41.71166732942308,0.7374998328081201,0.7293924569336139,1.0,1.52587890625e-05,scenario_id,65536
final_prompt,32,128,16,45.846028724290534,0.7274688839041927,0.7190364294189295,1.0,1.52587890625e-05,scenario_id,65536
final_prompt,33,128,16,50.85552734764918,0.7103430877474495,0.7014347116893771,1.0,1.52587890625e-05,scenario_id,65536
final_prompt,34,128,16,58.93790960691389,0.6992427450551449,0.6897573103954847,1.0,1.52587890625e-05,scenario_id,65536
final_prompt,35,128,16,13.607507818308246,0.6822082909413749,0.6724325275122149,1.0,1.52587890625e-05,scenario_id,65536
response_first,0,128,16,0.03888430635544152,0.08562978329803433,0.0068133993089581,0.5078125,0.1136932373046875,scenario_id,65536
response_first,1,128,16,0.10092601150910602,0.08362597417481751,0.028403547904813926,0.59375,0.0146942138671875,scenario_id,65536
response_first,2,128,16,0.1628317678409294,0.07858536800777084,0.018962572968961214,0.6015625,0.0086517333984375,scenario_id,65536
response_first,3,128,16,0.2628410817738423,0.08878154943844944,0.033967520095675566,0.5546875,0.0355377197265625,scenario_id,65536
response_first,4,128,16,0.36809298844570426,0.08728136585150732,0.030191862519930838,0.578125,0.0194549560546875,scenario_id,65536
response_first,5,128,16,0.46800019963025985,0.09037870779865291,0.03153527564037698,0.5859375,0.012969970703125,scenario_id,65536
response_first,6,128,16,0.517204236169552,0.09920542225766515,0.04262168208053095,0.578125,0.0019683837890625,scenario_id,65536
response_first,7,128,16,0.606751207541929,0.10836048553291971,0.05678932944294322,0.65625,0.0004730224609375,scenario_id,65536
response_first,8,128,16,0.9835894957157966,0.0914996396864315,0.05363347827545825,0.6796875,0.0001678466796875,scenario_id,65536
response_first,9,128,16,1.237058182955375,0.07701542593803869,0.035774259839188305,0.6171875,0.001129150390625,scenario_id,65536
response_first,10,128,16,1.2027813193928147,0.08077217214257985,0.038087779792109776,0.625,0.0022430419921875,scenario_id,65536
response_first,11,128,16,1.439550421742923,0.07261030810668462,0.027430648308336435,0.640625,0.002349853515625,scenario_id,65536
response_first,12,128,16,1.6202297976231952,0.07356359669762495,0.029452519526133866,0.6328125,0.0009918212890625,scenario_id,65536
response_first,13,128,16,1.7828648584345728,0.07889336277311275,0.03341904291803735,0.625,0.0010528564453125,scenario_id,65536
response_first,14,128,16,1.8442760717404512,0.0906350026814991,0.0463777424341672,0.671875,7.62939453125e-05,scenario_id,65536
response_first,15,128,16,2.1067670124124924,0.11725619116624927,0.0810885615699704,0.8125,1.52587890625e-05,scenario_id,65536
response_first,16,128,16,2.160219344956097,0.1753710009454314,0.1488608278248142,0.90625,1.52587890625e-05,scenario_id,65536
response_first,17,128,16,2.473105564592909,0.2139142201208897,0.19134881390605063,0.953125,1.52587890625e-05,scenario_id,65536
response_first,18,128,16,3.2160552410279077,0.3045977858077162,0.28928643621003636,0.984375,1.52587890625e-05,scenario_id,65536
response_first,19,128,16,4.133843633497906,0.4007269741113931,0.38773335407980714,0.9921875,1.52587890625e-05,scenario_id,65536
response_first,20,128,16,5.559760768335103,0.524615748528503,0.5137821526205735,1.0,1.52587890625e-05,scenario_id,65536
response_first,21,128,16,7.553769504232724,0.5977343979346689,0.5882315278277652,1.0,1.52587890625e-05,scenario_id,65536
response_first,22,128,16,8.860718975156407,0.6278355562172192,0.6188377482653653,1.0,1.52587890625e-05,scenario_id,65536
response_first,23,128,16,10.475743731751685,0.6303242621046451,0.6211037218536415,1.0,1.52587890625e-05,scenario_id,65536
response_first,24,128,16,12.35945956065542,0.6351324265645308,0.6254822037815059,1.0,1.52587890625e-05,scenario_id,65536
response_first,25,128,16,14.129540481339959,0.6457287911952234,0.6360229387066301,1.0,1.52587890625e-05,scenario_id,65536
response_first,26,128,16,15.745642151540055,0.6485875740317608,0.6386023439655941,1.0,1.52587890625e-05,scenario_id,65536
response_first,27,128,16,17.520674310468358,0.6532636109540663,0.6433480798963851,1.0,1.52587890625e-05,scenario_id,65536
response_first,28,128,16,19.46234128723944,0.6508277258924531,0.64054358682817,1.0,1.52587890625e-05,scenario_id,65536
response_first,29,128,16,21.959731427791887,0.6524026779482174,0.6411880722775003,1.0,1.52587890625e-05,scenario_id,65536
response_first,30,128,16,24.187552902734254,0.6536928769562981,0.6425329078857017,1.0,1.52587890625e-05,scenario_id,65536
response_first,31,128,16,25.88275797162003,0.652076131008255,0.6408019598385809,1.0,1.52587890625e-05,scenario_id,65536
response_first,32,128,16,28.746112243988776,0.6540632097636977,0.642979517993486,1.0,1.52587890625e-05,scenario_id,65536
response_first,33,128,16,33.733159653416024,0.6471962457205811,0.6352666632762078,1.0,1.52587890625e-05,scenario_id,65536
response_first,34,128,16,42.281545532515615,0.6522397728447388,0.6411544446411088,0.9921875,1.52587890625e-05,scenario_id,65536
response_first,35,128,16,13.299716053743545,0.7510616916650629,0.7447907049069514,0.9765625,1.52587890625e-05,scenario_id,65536
response_mean,0,128,16,0.022045041590069737,0.07258280545578863,0.011025694948291474,0.5546875,0.1932525634765625,scenario_id,65536
response_mean,1,128,16,0.05065973022880428,0.06051863787448995,-0.003993440066580619,0.453125,0.7652587890625,scenario_id,65536
response_mean,2,128,16,0.08596030472015051,0.06018622179590753,-0.0022618459953719114,0.484375,0.63165283203125,scenario_id,65536
response_mean,3,128,16,0.12999177203592954,0.06993709500161614,0.012771300134255311,0.578125,0.050811767578125,scenario_id,65536
response_mean,4,128,16,0.17650289619838358,0.07269262094129247,0.01020995194549247,0.5,0.1474609375,scenario_id,65536
response_mean,5,128,16,0.2214891897942854,0.07479342152312274,0.016642280342792172,0.59375,0.0155181884765625,scenario_id,65536
response_mean,6,128,16,0.25866880376360846,0.08679217295399079,0.03230587293025422,0.59375,0.0022735595703125,scenario_id,65536
response_mean,7,128,16,0.3344636062451047,0.08162452209738921,0.022186110805548755,0.5546875,0.002471923828125,scenario_id,65536
response_mean,8,128,16,0.5311685304461802,0.06915768302414682,0.017700076528763396,0.5234375,0.020782470703125,scenario_id,65536
response_mean,9,128,16,0.6122441940916364,0.06603298806278599,0.016785712922899078,0.53125,0.049652099609375,scenario_id,65536
response_mean,10,128,16,0.6396131296925649,0.06389536366934906,0.01405808050398425,0.5390625,0.0588836669921875,scenario_id,65536
response_mean,11,128,16,0.7600018961324839,0.061169716565664445,0.01227818751915228,0.5546875,0.02606201171875,scenario_id,65536
response_mean,12,128,16,0.8305165539034025,0.06746449889978966,0.022741325795870154,0.6015625,0.00311279296875,scenario_id,65536
response_mean,13,128,16,0.9316447581909777,0.0880913598056528,0.049330064725393113,0.734375,3.0517578125e-05,scenario_id,65536
response_mean,14,128,16,1.0460360960674966,0.14360100296722125,0.11842961691575553,0.9140625,1.52587890625e-05,scenario_id,65536
response_mean,15,128,16,1.2679907963965193,0.191870038851808,0.1720654553507236,0.9453125,1.52587890625e-05,scenario_id,65536
response_mean,16,128,16,1.4300206141453442,0.2927306960551008,0.2778804029147841,0.9453125,1.52587890625e-05,scenario_id,65536
response_mean,17,128,16,1.666131795057081,0.33818575815557406,0.32397870860961575,0.9921875,1.52587890625e-05,scenario_id,65536
response_mean,18,128,16,2.7803933247128314,0.578033112289912,0.5693930854064988,1.0,1.52587890625e-05,scenario_id,65536
response_mean,19,128,16,4.266611878718807,0.6520499981441046,0.6424937950347485,1.0,1.52587890625e-05,scenario_id,65536
response_mean,20,128,16,6.131336974505123,0.6911563482904536,0.6822015103623782,1.0,1.52587890625e-05,scenario_id,65536
response_mean,21,128,16,8.389807555525913,0.7052357269066706,0.6949529665453653,1.0,1.52587890625e-05,scenario_id,65536
response_mean,22,128,16,9.539849120151946,0.6976777485313022,0.6866479487746746,1.0,1.52587890625e-05,scenario_id,65536
response_mean,23,128,16,11.690194794417756,0.673519018107405,0.6615287477314183,1.0,1.52587890625e-05,scenario_id,65536
response_mean,24,128,16,13.287360299180492,0.6653005493987203,0.6525252724733119,1.0,1.52587890625e-05,scenario_id,65536
response_mean,25,128,16,14.83278837693413,0.6577136224995839,0.6440132735035897,1.0,1.52587890625e-05,scenario_id,65536
response_mean,26,128,16,16.977575108298495,0.6587862418610375,0.6437735523657495,1.0,1.52587890625e-05,scenario_id,65536
response_mean,27,128,16,18.829513757488805,0.6669841499130397,0.6525381282014087,1.0,1.52587890625e-05,scenario_id,65536
response_mean,28,128,16,20.8410417304977,0.6657920987629661,0.6509603911575678,1.0,1.52587890625e-05,scenario_id,65536
response_mean,29,128,16,22.730753984470596,0.6602077266068974,0.6448526034676569,1.0,1.52587890625e-05,scenario_id,65536
response_mean,30,128,16,25.538697139414474,0.6588514135214347,0.643527676660474,1.0,1.52587890625e-05,scenario_id,65536
response_mean,31,128,16,27.968925327175462,0.6628007685727324,0.6474250132989166,1.0,1.52587890625e-05,scenario_id,65536
response_mean,32,128,16,30.787345207239802,0.6605444152466472,0.6451000277607168,1.0,1.52587890625e-05,scenario_id,65536
response_mean,33,128,16,34.328543047427274,0.6597687230731993,0.6444164961818196,1.0,1.52587890625e-05,scenario_id,65536
response_mean,34,128,16,39.883578790046684,0.6637878759280358,0.6488517013695554,1.0,1.52587890625e-05,scenario_id,65536
response_mean,35,128,16,10.343023716661595,0.768039794097983,0.7588230633535613,1.0,1.52587890625e-05,scenario_id,65536
