model_kind,fold,layer,phase,accuracy,balanced_accuracy,auroc,n_test,train_phase,test_phase
phase_transfer,0,23,pre_selector,0.5,0.5,0.5,64,pre_selector,pre_selector
phase_transfer,1,23,pre_selector,0.5,0.5,0.5,48,pre_selector,pre_selector
phase_transfer,2,23,pre_selector,0.5,0.5,0.5,48,pre_selector,pre_selector
phase_transfer,3,23,pre_selector,0.5,0.5,0.5,48,pre_selector,pre_selector
phase_transfer,4,23,pre_selector,0.5,0.5,0.5,48,pre_selector,pre_selector
phase_transfer,0,23,post_selector,0.5,0.5,0.5,64,pre_selector,post_selector
phase_transfer,1,23,post_selector,0.5,0.5,0.5,48,pre_selector,post_selector
phase_transfer,2,23,post_selector,0.5,0.5,0.5,48,pre_selector,post_selector
phase_transfer,3,23,post_selector,0.5,0.5,0.5,48,pre_selector,post_selector
phase_transfer,4,23,post_selector,0.5,0.5,0.5,48,pre_selector,post_selector
phase_transfer,0,23,public_task_span,0.5,0.5,0.5,64,pre_selector,public_task_span
phase_transfer,1,23,public_task_span,0.5,0.5,0.5,48,pre_selector,public_task_span
phase_transfer,2,23,public_task_span,0.5,0.5,0.5,48,pre_selector,public_task_span
phase_transfer,3,23,public_task_span,0.5,0.5,0.5,48,pre_selector,public_task_span
phase_transfer,4,23,public_task_span,0.5,0.5,0.5,48,pre_selector,public_task_span
phase_transfer,0,23,final_prompt,0.5,0.5,0.5,64,pre_selector,final_prompt
phase_transfer,1,23,final_prompt,0.5,0.5,0.5,48,pre_selector,final_prompt
phase_transfer,2,23,final_prompt,0.5,0.5,0.5,48,pre_selector,final_prompt
phase_transfer,3,23,final_prompt,0.5,0.5,0.5,48,pre_selector,final_prompt
phase_transfer,4,23,final_prompt,0.5,0.5,0.5,48,pre_selector,final_prompt
phase_transfer,0,23,response_first,0.5,0.5,0.5,64,pre_selector,response_first
phase_transfer,1,23,response_first,0.5,0.5,0.5,48,pre_selector,response_first
phase_transfer,2,23,response_first,0.5,0.5,0.5,48,pre_selector,response_first
phase_transfer,3,23,response_first,0.5,0.5,0.5,48,pre_selector,response_first
phase_transfer,4,23,response_first,0.5,0.5,0.5,48,pre_selector,response_first
phase_transfer,0,23,response_mean,0.5,0.5,0.5,64,pre_selector,response_mean
phase_transfer,1,23,response_mean,0.5,0.5,0.5,48,pre_selector,response_mean
phase_transfer,2,23,response_mean,0.5,0.5,0.5,48,pre_selector,response_mean
phase_transfer,3,23,response_mean,0.5,0.5,0.5,48,pre_selector,response_mean
phase_transfer,4,23,response_mean,0.5,0.5,0.5,48,pre_selector,response_mean
phase_transfer,0,23,pre_selector,0.5,0.5,0.5,64,post_selector,pre_selector
phase_transfer,1,23,pre_selector,0.5,0.5,0.5,48,post_selector,pre_selector
phase_transfer,2,23,pre_selector,0.5,0.5,0.5,48,post_selector,pre_selector
phase_transfer,3,23,pre_selector,0.5,0.5,0.5,48,post_selector,pre_selector
phase_transfer,4,23,pre_selector,0.5,0.5,0.5,48,post_selector,pre_selector
phase_transfer,0,23,post_selector,1.0,1.0,1.0,64,post_selector,post_selector
phase_transfer,1,23,post_selector,1.0,1.0,1.0,48,post_selector,post_selector
phase_transfer,2,23,post_selector,1.0,1.0,1.0,48,post_selector,post_selector
phase_transfer,3,23,post_selector,1.0,1.0,1.0,48,post_selector,post_selector
phase_transfer,4,23,post_selector,1.0,1.0,1.0,48,post_selector,post_selector
phase_transfer,0,23,public_task_span,0.5,0.5,0.9306640625,64,post_selector,public_task_span
phase_transfer,1,23,public_task_span,0.5,0.5,0.9045138888888888,48,post_selector,public_task_span
phase_transfer,2,23,public_task_span,0.5,0.5,0.84375,48,post_selector,public_task_span
phase_transfer,3,23,public_task_span,0.5,0.5,0.8229166666666666,48,post_selector,public_task_span
phase_transfer,4,23,public_task_span,0.5,0.5,0.7378472222222222,48,post_selector,public_task_span
phase_transfer,0,23,final_prompt,0.5,0.5,0.822265625,64,post_selector,final_prompt
phase_transfer,1,23,final_prompt,0.5,0.5,0.795138888888889,48,post_selector,final_prompt
phase_transfer,2,23,final_prompt,0.5,0.5,0.814236111111111,48,post_selector,final_prompt
phase_transfer,3,23,final_prompt,0.5,0.5,0.7881944444444444,48,post_selector,final_prompt
phase_transfer,4,23,final_prompt,0.5,0.5,0.7534722222222223,48,post_selector,final_prompt
phase_transfer,0,23,response_first,0.5,0.5,0.7685546875,64,post_selector,response_first
phase_transfer,1,23,response_first,0.5,0.5,0.7760416666666666,48,post_selector,response_first
phase_transfer,2,23,response_first,0.5,0.5,0.7482638888888888,48,post_selector,response_first
phase_transfer,3,23,response_first,0.5,0.5,0.7048611111111112,48,post_selector,response_first
phase_transfer,4,23,response_first,0.5,0.5,0.671875,48,post_selector,response_first
phase_transfer,0,23,response_mean,0.84375,0.84375,0.94921875,64,post_selector,response_mean
phase_transfer,1,23,response_mean,0.8333333333333334,0.8333333333333333,0.9652777777777779,48,post_selector,response_mean
phase_transfer,2,23,response_mean,0.5208333333333334,0.5208333333333334,0.9131944444444445,48,post_selector,response_mean
phase_transfer,3,23,response_mean,0.5,0.5,0.923611111111111,48,post_selector,response_mean
phase_transfer,4,23,response_mean,0.5,0.5,0.8315972222222222,48,post_selector,response_mean
phase_transfer,0,23,pre_selector,0.5,0.5,0.5,64,public_task_span,pre_selector
phase_transfer,1,23,pre_selector,0.5,0.5,0.5,48,public_task_span,pre_selector
phase_transfer,2,23,pre_selector,0.5,0.5,0.49999999999999994,48,public_task_span,pre_selector
phase_transfer,3,23,pre_selector,0.5,0.5,0.5,48,public_task_span,pre_selector
phase_transfer,4,23,pre_selector,0.5,0.5,0.5,48,public_task_span,pre_selector
phase_transfer,0,23,post_selector,0.96875,0.96875,1.0,64,public_task_span,post_selector
phase_transfer,1,23,post_selector,0.8333333333333334,0.8333333333333333,1.0,48,public_task_span,post_selector
phase_transfer,2,23,post_selector,0.9375,0.9375,0.9878472222222222,48,public_task_span,post_selector
phase_transfer,3,23,post_selector,0.9583333333333334,0.9583333333333333,1.0,48,public_task_span,post_selector
phase_transfer,4,23,post_selector,0.9375,0.9375,0.9913194444444444,48,public_task_span,post_selector
phase_transfer,0,23,public_task_span,0.984375,0.984375,1.0,64,public_task_span,public_task_span
phase_transfer,1,23,public_task_span,0.8958333333333334,0.8958333333333333,1.0,48,public_task_span,public_task_span
phase_transfer,2,23,public_task_span,0.9375,0.9375,1.0,48,public_task_span,public_task_span
phase_transfer,3,23,public_task_span,0.9375,0.9375,0.9965277777777778,48,public_task_span,public_task_span
phase_transfer,4,23,public_task_span,0.9791666666666666,0.9791666666666667,1.0,48,public_task_span,public_task_span
phase_transfer,0,23,final_prompt,0.5,0.5,0.916015625,64,public_task_span,final_prompt
phase_transfer,1,23,final_prompt,0.5,0.5,0.9201388888888888,48,public_task_span,final_prompt
phase_transfer,2,23,final_prompt,0.5,0.5,0.9253472222222222,48,public_task_span,final_prompt
phase_transfer,3,23,final_prompt,0.5,0.5,0.8836805555555556,48,public_task_span,final_prompt
phase_transfer,4,23,final_prompt,0.5,0.5,0.8802083333333333,48,public_task_span,final_prompt
phase_transfer,0,23,response_first,0.5,0.5,0.919921875,64,public_task_span,response_first
phase_transfer,1,23,response_first,0.5,0.5,0.9809027777777777,48,public_task_span,response_first
phase_transfer,2,23,response_first,0.5,0.5,0.8975694444444444,48,public_task_span,response_first
phase_transfer,3,23,response_first,0.5,0.5,0.8246527777777778,48,public_task_span,response_first
phase_transfer,4,23,response_first,0.5,0.5,0.9635416666666666,48,public_task_span,response_first
phase_transfer,0,23,response_mean,0.5,0.5,0.9833984375,64,public_task_span,response_mean
phase_transfer,1,23,response_mean,0.5,0.5,0.9930555555555555,48,public_task_span,response_mean
phase_transfer,2,23,response_mean,0.5,0.5,0.9791666666666667,48,public_task_span,response_mean
phase_transfer,3,23,response_mean,0.5,0.5,0.970486111111111,48,public_task_span,response_mean
phase_transfer,4,23,response_mean,0.5,0.5,0.9479166666666667,48,public_task_span,response_mean
phase_transfer,0,23,pre_selector,0.5,0.5,0.5,64,final_prompt,pre_selector
phase_transfer,1,23,pre_selector,0.5,0.5,0.5,48,final_prompt,pre_selector
phase_transfer,2,23,pre_selector,0.5,0.5,0.5,48,final_prompt,pre_selector
phase_transfer,3,23,pre_selector,0.5,0.5,0.5,48,final_prompt,pre_selector
phase_transfer,4,23,pre_selector,0.5,0.5,0.5,48,final_prompt,pre_selector
phase_transfer,0,23,post_selector,0.59375,0.59375,1.0,64,final_prompt,post_selector
phase_transfer,1,23,post_selector,0.8333333333333334,0.8333333333333333,1.0,48,final_prompt,post_selector
phase_transfer,2,23,post_selector,0.5416666666666666,0.5416666666666666,1.0,48,final_prompt,post_selector
phase_transfer,3,23,post_selector,0.5,0.5,1.0,48,final_prompt,post_selector
phase_transfer,4,23,post_selector,0.5625,0.5625,1.0,48,final_prompt,post_selector
phase_transfer,0,23,public_task_span,0.5,0.5,0.779296875,64,final_prompt,public_task_span
phase_transfer,1,23,public_task_span,0.5,0.5,0.7239583333333334,48,final_prompt,public_task_span
phase_transfer,2,23,public_task_span,0.5,0.5,0.6631944444444445,48,final_prompt,public_task_span
phase_transfer,3,23,public_task_span,0.5,0.5,0.6666666666666667,48,final_prompt,public_task_span
phase_transfer,4,23,public_task_span,0.5,0.5,0.7326388888888888,48,final_prompt,public_task_span
phase_transfer,0,23,final_prompt,1.0,1.0,1.0,64,final_prompt,final_prompt
phase_transfer,1,23,final_prompt,1.0,1.0,1.0,48,final_prompt,final_prompt
phase_transfer,2,23,final_prompt,1.0,1.0,1.0,48,final_prompt,final_prompt
phase_transfer,3,23,final_prompt,0.9583333333333334,0.9583333333333333,1.0,48,final_prompt,final_prompt
phase_transfer,4,23,final_prompt,1.0,1.0,1.0,48,final_prompt,final_prompt
phase_transfer,0,23,response_first,0.5,0.5,1.0,64,final_prompt,response_first
phase_transfer,1,23,response_first,0.5,0.5,0.998263888888889,48,final_prompt,response_first
phase_transfer,2,23,response_first,0.5,0.5,0.9878472222222222,48,final_prompt,response_first
phase_transfer,3,23,response_first,0.5,0.5,0.9444444444444444,48,final_prompt,response_first
phase_transfer,4,23,response_first,0.5,0.5,1.0,48,final_prompt,response_first
phase_transfer,0,23,response_mean,0.5,0.5,1.0,64,final_prompt,response_mean
phase_transfer,1,23,response_mean,0.5,0.5,1.0,48,final_prompt,response_mean
phase_transfer,2,23,response_mean,0.5,0.5,1.0,48,final_prompt,response_mean
phase_transfer,3,23,response_mean,0.5,0.5,0.9861111111111112,48,final_prompt,response_mean
phase_transfer,4,23,response_mean,0.5,0.5,0.998263888888889,48,final_prompt,response_mean
phase_transfer,0,23,pre_selector,0.5,0.5,0.5,64,response_first,pre_selector
phase_transfer,1,23,pre_selector,0.5,0.5,0.5,48,response_first,pre_selector
phase_transfer,2,23,pre_selector,0.5,0.5,0.5,48,response_first,pre_selector
phase_transfer,3,23,pre_selector,0.5,0.5,0.5,48,response_first,pre_selector
phase_transfer,4,23,pre_selector,0.5,0.5,0.5,48,response_first,pre_selector
phase_transfer,0,23,post_selector,0.890625,0.890625,0.9912109375,64,response_first,post_selector
phase_transfer,1,23,post_selector,0.9791666666666666,0.9791666666666667,1.0,48,response_first,post_selector
phase_transfer,2,23,post_selector,0.6041666666666666,0.6041666666666666,1.0,48,response_first,post_selector
phase_transfer,3,23,post_selector,0.5,0.5,0.9756944444444444,48,response_first,post_selector
phase_transfer,4,23,post_selector,0.5208333333333334,0.5208333333333334,1.0,48,response_first,post_selector
phase_transfer,0,23,public_task_span,0.5,0.5,0.8583984375,64,response_first,public_task_span
phase_transfer,1,23,public_task_span,0.5833333333333334,0.5833333333333333,0.75,48,response_first,public_task_span
phase_transfer,2,23,public_task_span,0.5,0.5,0.7083333333333333,48,response_first,public_task_span
phase_transfer,3,23,public_task_span,0.5,0.5,0.7256944444444444,48,response_first,public_task_span
phase_transfer,4,23,public_task_span,0.5,0.5,0.7465277777777778,48,response_first,public_task_span
phase_transfer,0,23,final_prompt,0.5,0.5,0.890625,64,response_first,final_prompt
phase_transfer,1,23,final_prompt,0.5,0.5,0.5208333333333333,48,response_first,final_prompt
phase_transfer,2,23,final_prompt,0.5,0.5,0.9965277777777777,48,response_first,final_prompt
phase_transfer,3,23,final_prompt,0.5,0.5,0.998263888888889,48,response_first,final_prompt
phase_transfer,4,23,final_prompt,0.5,0.5,0.9965277777777777,48,response_first,final_prompt
phase_transfer,0,23,response_first,0.984375,0.984375,1.0,64,response_first,response_first
phase_transfer,1,23,response_first,0.9791666666666666,0.9791666666666667,1.0,48,response_first,response_first
phase_transfer,2,23,response_first,1.0,1.0,1.0,48,response_first,response_first
phase_transfer,3,23,response_first,0.9791666666666666,0.9791666666666667,1.0,48,response_first,response_first
phase_transfer,4,23,response_first,0.9791666666666666,0.9791666666666667,1.0,48,response_first,response_first
phase_transfer,0,23,response_mean,1.0,1.0,1.0,64,response_first,response_mean
phase_transfer,1,23,response_mean,0.8958333333333334,0.8958333333333333,1.0,48,response_first,response_mean
phase_transfer,2,23,response_mean,1.0,1.0,1.0,48,response_first,response_mean
phase_transfer,3,23,response_mean,0.9375,0.9375,0.9965277777777777,48,response_first,response_mean
phase_transfer,4,23,response_mean,0.8958333333333334,0.8958333333333333,1.0,48,response_first,response_mean
phase_transfer,0,23,pre_selector,0.5,0.5,0.5,64,response_mean,pre_selector
phase_transfer,1,23,pre_selector,0.5,0.5,0.5,48,response_mean,pre_selector
phase_transfer,2,23,pre_selector,0.5,0.5,0.5,48,response_mean,pre_selector
phase_transfer,3,23,pre_selector,0.5,0.5,0.5,48,response_mean,pre_selector
phase_transfer,4,23,pre_selector,0.5,0.5,0.5,48,response_mean,pre_selector
phase_transfer,0,23,post_selector,1.0,1.0,1.0,64,response_mean,post_selector
phase_transfer,1,23,post_selector,1.0,1.0,1.0,48,response_mean,post_selector
phase_transfer,2,23,post_selector,1.0,1.0,1.0,48,response_mean,post_selector
phase_transfer,3,23,post_selector,1.0,1.0,1.0,48,response_mean,post_selector
phase_transfer,4,23,post_selector,1.0,1.0,1.0,48,response_mean,post_selector
phase_transfer,0,23,public_task_span,0.53125,0.53125,0.8447265625,64,response_mean,public_task_span
phase_transfer,1,23,public_task_span,0.6875,0.6875,0.8229166666666667,48,response_mean,public_task_span
phase_transfer,2,23,public_task_span,0.5,0.5,0.7118055555555555,48,response_mean,public_task_span
phase_transfer,3,23,public_task_span,0.5,0.5,0.7465277777777779,48,response_mean,public_task_span
phase_transfer,4,23,public_task_span,0.5833333333333334,0.5833333333333334,0.7552083333333334,48,response_mean,public_task_span
phase_transfer,0,23,final_prompt,0.515625,0.515625,1.0,64,response_mean,final_prompt
phase_transfer,1,23,final_prompt,0.5208333333333334,0.5208333333333334,0.998263888888889,48,response_mean,final_prompt
phase_transfer,2,23,final_prompt,0.5208333333333334,0.5208333333333334,1.0,48,response_mean,final_prompt
phase_transfer,3,23,final_prompt,0.5625,0.5625,1.0,48,response_mean,final_prompt
phase_transfer,4,23,final_prompt,0.5,0.5,1.0,48,response_mean,final_prompt
phase_transfer,0,23,response_first,0.5,0.5,1.0,64,response_mean,response_first
phase_transfer,1,23,response_first,0.6875,0.6875,0.998263888888889,48,response_mean,response_first
phase_transfer,2,23,response_first,0.5,0.5,1.0,48,response_mean,response_first
phase_transfer,3,23,response_first,0.5,0.5,0.9947916666666667,48,response_mean,response_first
phase_transfer,4,23,response_first,0.5,0.5,0.9913194444444444,48,response_mean,response_first
phase_transfer,0,23,response_mean,1.0,1.0,1.0,64,response_mean,response_mean
phase_transfer,1,23,response_mean,1.0,1.0,1.0,48,response_mean,response_mean
phase_transfer,2,23,response_mean,1.0,1.0,1.0,48,response_mean,response_mean
phase_transfer,3,23,response_mean,0.9791666666666666,0.9791666666666667,1.0,48,response_mean,response_mean
phase_transfer,4,23,response_mean,1.0,1.0,1.0,48,response_mean,response_mean
phase_transfer,0,22,pre_selector,0.5,0.5,0.5,64,pre_selector,pre_selector
phase_transfer,1,22,pre_selector,0.5,0.5,0.5,48,pre_selector,pre_selector
phase_transfer,2,22,pre_selector,0.5,0.5,0.5,48,pre_selector,pre_selector
phase_transfer,3,22,pre_selector,0.5,0.5,0.5,48,pre_selector,pre_selector
phase_transfer,4,22,pre_selector,0.5,0.5,0.5,48,pre_selector,pre_selector
phase_transfer,0,22,post_selector,0.5,0.5,0.5,64,pre_selector,post_selector
phase_transfer,1,22,post_selector,0.5,0.5,0.5,48,pre_selector,post_selector
phase_transfer,2,22,post_selector,0.5,0.5,0.5,48,pre_selector,post_selector
phase_transfer,3,22,post_selector,0.5,0.5,0.5,48,pre_selector,post_selector
phase_transfer,4,22,post_selector,0.5,0.5,0.5,48,pre_selector,post_selector
phase_transfer,0,22,public_task_span,0.5,0.5,0.5,64,pre_selector,public_task_span
phase_transfer,1,22,public_task_span,0.5,0.5,0.5,48,pre_selector,public_task_span
phase_transfer,2,22,public_task_span,0.5,0.5,0.5,48,pre_selector,public_task_span
phase_transfer,3,22,public_task_span,0.5,0.5,0.5,48,pre_selector,public_task_span
phase_transfer,4,22,public_task_span,0.5,0.5,0.5,48,pre_selector,public_task_span
phase_transfer,0,22,final_prompt,0.5,0.5,0.5,64,pre_selector,final_prompt
phase_transfer,1,22,final_prompt,0.5,0.5,0.5,48,pre_selector,final_prompt
phase_transfer,2,22,final_prompt,0.5,0.5,0.5,48,pre_selector,final_prompt
phase_transfer,3,22,final_prompt,0.5,0.5,0.5,48,pre_selector,final_prompt
phase_transfer,4,22,final_prompt,0.5,0.5,0.5,48,pre_selector,final_prompt
phase_transfer,0,22,response_first,0.5,0.5,0.5,64,pre_selector,response_first
phase_transfer,1,22,response_first,0.5,0.5,0.5,48,pre_selector,response_first
phase_transfer,2,22,response_first,0.5,0.5,0.5,48,pre_selector,response_first
phase_transfer,3,22,response_first,0.5,0.5,0.5,48,pre_selector,response_first
phase_transfer,4,22,response_first,0.5,0.5,0.5,48,pre_selector,response_first
phase_transfer,0,22,response_mean,0.5,0.5,0.5,64,pre_selector,response_mean
phase_transfer,1,22,response_mean,0.5,0.5,0.5,48,pre_selector,response_mean
phase_transfer,2,22,response_mean,0.5,0.5,0.5,48,pre_selector,response_mean
phase_transfer,3,22,response_mean,0.5,0.5,0.5,48,pre_selector,response_mean
phase_transfer,4,22,response_mean,0.5,0.5,0.5,48,pre_selector,response_mean
phase_transfer,0,22,pre_selector,0.5,0.5,0.5,64,post_selector,pre_selector
phase_transfer,1,22,pre_selector,0.5,0.5,0.5,48,post_selector,pre_selector
phase_transfer,2,22,pre_selector,0.5,0.5,0.5,48,post_selector,pre_selector
phase_transfer,3,22,pre_selector,0.5,0.5,0.5,48,post_selector,pre_selector
phase_transfer,4,22,pre_selector,0.5,0.5,0.5,48,post_selector,pre_selector
phase_transfer,0,22,post_selector,1.0,1.0,1.0,64,post_selector,post_selector
phase_transfer,1,22,post_selector,1.0,1.0,1.0,48,post_selector,post_selector
phase_transfer,2,22,post_selector,1.0,1.0,1.0,48,post_selector,post_selector
phase_transfer,3,22,post_selector,1.0,1.0,1.0,48,post_selector,post_selector
phase_transfer,4,22,post_selector,1.0,1.0,1.0,48,post_selector,post_selector
phase_transfer,0,22,public_task_span,0.5,0.5,0.923828125,64,post_selector,public_task_span
phase_transfer,1,22,public_task_span,0.5208333333333334,0.5208333333333334,0.9427083333333333,48,post_selector,public_task_span
phase_transfer,2,22,public_task_span,0.5,0.5,0.8767361111111112,48,post_selector,public_task_span
phase_transfer,3,22,public_task_span,0.5,0.5,0.751736111111111,48,post_selector,public_task_span
phase_transfer,4,22,public_task_span,0.5,0.5,0.7361111111111112,48,post_selector,public_task_span
phase_transfer,0,22,final_prompt,0.5,0.5,0.603515625,64,post_selector,final_prompt
phase_transfer,1,22,final_prompt,0.5,0.5,0.625,48,post_selector,final_prompt
phase_transfer,2,22,final_prompt,0.5,0.5,0.6336805555555556,48,post_selector,final_prompt
phase_transfer,3,22,final_prompt,0.5,0.5,0.6423611111111112,48,post_selector,final_prompt
phase_transfer,4,22,final_prompt,0.6041666666666666,0.6041666666666667,0.5121527777777778,48,post_selector,final_prompt
phase_transfer,0,22,response_first,0.5,0.5,0.634765625,64,post_selector,response_first
phase_transfer,1,22,response_first,0.5,0.5,0.65625,48,post_selector,response_first
phase_transfer,2,22,response_first,0.5,0.5,0.6527777777777778,48,post_selector,response_first
phase_transfer,3,22,response_first,0.5,0.5,0.5972222222222223,48,post_selector,response_first
phase_transfer,4,22,response_first,0.5,0.5,0.5607638888888888,48,post_selector,response_first
phase_transfer,0,22,response_mean,0.796875,0.796875,0.9599609375,64,post_selector,response_mean
phase_transfer,1,22,response_mean,0.875,0.875,0.935763888888889,48,post_selector,response_mean
phase_transfer,2,22,response_mean,0.6666666666666666,0.6666666666666666,0.8975694444444444,48,post_selector,response_mean
phase_transfer,3,22,response_mean,0.8541666666666666,0.8541666666666667,0.9166666666666666,48,post_selector,response_mean
phase_transfer,4,22,response_mean,0.5208333333333334,0.5208333333333333,0.8315972222222221,48,post_selector,response_mean
phase_transfer,0,22,pre_selector,0.5,0.5,0.5,64,public_task_span,pre_selector
phase_transfer,1,22,pre_selector,0.5,0.5,0.49999999999999994,48,public_task_span,pre_selector
phase_transfer,2,22,pre_selector,0.5,0.5,0.5,48,public_task_span,pre_selector
phase_transfer,3,22,pre_selector,0.5,0.5,0.5,48,public_task_span,pre_selector
phase_transfer,4,22,pre_selector,0.5,0.5,0.5,48,public_task_span,pre_selector
phase_transfer,0,22,post_selector,1.0,1.0,1.0,64,public_task_span,post_selector
phase_transfer,1,22,post_selector,0.9166666666666666,0.9166666666666667,1.0,48,public_task_span,post_selector
phase_transfer,2,22,post_selector,0.8958333333333334,0.8958333333333333,0.951388888888889,48,public_task_span,post_selector
phase_transfer,3,22,post_selector,0.9583333333333334,0.9583333333333333,1.0,48,public_task_span,post_selector
phase_transfer,4,22,post_selector,1.0,1.0,1.0,48,public_task_span,post_selector
phase_transfer,0,22,public_task_span,1.0,1.0,1.0,64,public_task_span,public_task_span
phase_transfer,1,22,public_task_span,0.9791666666666666,0.9791666666666667,1.0,48,public_task_span,public_task_span
phase_transfer,2,22,public_task_span,0.9791666666666666,0.9791666666666667,1.0,48,public_task_span,public_task_span
phase_transfer,3,22,public_task_span,0.9583333333333334,0.9583333333333333,0.998263888888889,48,public_task_span,public_task_span
phase_transfer,4,22,public_task_span,1.0,1.0,1.0,48,public_task_span,public_task_span
phase_transfer,0,22,final_prompt,0.5,0.5,0.9658203125,64,public_task_span,final_prompt
phase_transfer,1,22,final_prompt,0.5,0.5,0.9947916666666666,48,public_task_span,final_prompt
phase_transfer,2,22,final_prompt,0.5,0.5,0.9809027777777777,48,public_task_span,final_prompt
phase_transfer,3,22,final_prompt,0.5,0.5,0.9166666666666666,48,public_task_span,final_prompt
phase_transfer,4,22,final_prompt,0.5,0.5,0.9583333333333333,48,public_task_span,final_prompt
phase_transfer,0,22,response_first,0.546875,0.546875,0.9404296875,64,public_task_span,response_first
phase_transfer,1,22,response_first,0.5,0.5,0.9496527777777777,48,public_task_span,response_first
phase_transfer,2,22,response_first,0.5208333333333334,0.5208333333333334,0.9218749999999999,48,public_task_span,response_first
phase_transfer,3,22,response_first,0.5208333333333334,0.5208333333333334,0.7986111111111112,48,public_task_span,response_first
phase_transfer,4,22,response_first,0.7083333333333334,0.7083333333333334,0.9166666666666667,48,public_task_span,response_first
phase_transfer,0,22,response_mean,0.5,0.5,0.9892578125,64,public_task_span,response_mean
phase_transfer,1,22,response_mean,0.5,0.5,0.998263888888889,48,public_task_span,response_mean
phase_transfer,2,22,response_mean,0.5,0.5,0.9131944444444444,48,public_task_span,response_mean
phase_transfer,3,22,response_mean,0.5,0.5,0.9513888888888888,48,public_task_span,response_mean
phase_transfer,4,22,response_mean,0.5,0.5,0.9479166666666667,48,public_task_span,response_mean
phase_transfer,0,22,pre_selector,0.5,0.5,0.5,64,final_prompt,pre_selector
phase_transfer,1,22,pre_selector,0.5,0.5,0.5,48,final_prompt,pre_selector
phase_transfer,2,22,pre_selector,0.5,0.5,0.5,48,final_prompt,pre_selector
phase_transfer,3,22,pre_selector,0.5,0.5,0.5,48,final_prompt,pre_selector
phase_transfer,4,22,pre_selector,0.5,0.5,0.5,48,final_prompt,pre_selector
phase_transfer,0,22,post_selector,0.53125,0.53125,0.994140625,64,final_prompt,post_selector
phase_transfer,1,22,post_selector,0.5,0.5,1.0,48,final_prompt,post_selector
phase_transfer,2,22,post_selector,0.5,0.5,0.984375,48,final_prompt,post_selector
phase_transfer,3,22,post_selector,0.5,0.5,1.0,48,final_prompt,post_selector
phase_transfer,4,22,post_selector,0.5,0.5,0.9913194444444444,48,final_prompt,post_selector
phase_transfer,0,22,public_task_span,0.5,0.5,0.8544921875,64,final_prompt,public_task_span
phase_transfer,1,22,public_task_span,0.5,0.5,0.8003472222222222,48,final_prompt,public_task_span
phase_transfer,2,22,public_task_span,0.5,0.5,0.7777777777777778,48,final_prompt,public_task_span
phase_transfer,3,22,public_task_span,0.5,0.5,0.7361111111111112,48,final_prompt,public_task_span
phase_transfer,4,22,public_task_span,0.5,0.5,0.8645833333333334,48,final_prompt,public_task_span
phase_transfer,0,22,final_prompt,1.0,1.0,1.0,64,final_prompt,final_prompt
phase_transfer,1,22,final_prompt,1.0,1.0,1.0,48,final_prompt,final_prompt
phase_transfer,2,22,final_prompt,1.0,1.0,1.0,48,final_prompt,final_prompt
phase_transfer,3,22,final_prompt,0.9791666666666666,0.9791666666666667,1.0,48,final_prompt,final_prompt
phase_transfer,4,22,final_prompt,1.0,1.0,1.0,48,final_prompt,final_prompt
phase_transfer,0,22,response_first,0.5,0.5,0.99609375,64,final_prompt,response_first
phase_transfer,1,22,response_first,0.5,0.5,0.9809027777777777,48,final_prompt,response_first
phase_transfer,2,22,response_first,0.5,0.5,0.9965277777777778,48,final_prompt,response_first
phase_transfer,3,22,response_first,0.5,0.5,0.9201388888888888,48,final_prompt,response_first
phase_transfer,4,22,response_first,0.5,0.5,0.998263888888889,48,final_prompt,response_first
phase_transfer,0,22,response_mean,0.5,0.5,1.0,64,final_prompt,response_mean
phase_transfer,1,22,response_mean,0.5,0.5,0.9965277777777778,48,final_prompt,response_mean
phase_transfer,2,22,response_mean,0.5,0.5,1.0,48,final_prompt,response_mean
phase_transfer,3,22,response_mean,0.5,0.5,0.9774305555555556,48,final_prompt,response_mean
phase_transfer,4,22,response_mean,0.5,0.5,0.9913194444444444,48,final_prompt,response_mean
phase_transfer,0,22,pre_selector,0.5,0.5,0.5,64,response_first,pre_selector
phase_transfer,1,22,pre_selector,0.5,0.5,0.5,48,response_first,pre_selector
phase_transfer,2,22,pre_selector,0.5,0.5,0.5,48,response_first,pre_selector
phase_transfer,3,22,pre_selector,0.5,0.5,0.5,48,response_first,pre_selector
phase_transfer,4,22,pre_selector,0.5,0.5,0.5,48,response_first,pre_selector
phase_transfer,0,22,post_selector,0.8125,0.8125,0.9833984375,64,response_first,post_selector
phase_transfer,1,22,post_selector,0.9166666666666666,0.9166666666666667,0.9809027777777778,48,response_first,post_selector
phase_transfer,2,22,post_selector,0.5208333333333334,0.5208333333333334,0.8923611111111112,48,response_first,post_selector
phase_transfer,3,22,post_selector,0.7291666666666666,0.7291666666666666,0.9600694444444444,48,response_first,post_selector
phase_transfer,4,22,post_selector,0.6041666666666666,0.6041666666666666,0.9618055555555556,48,response_first,post_selector
phase_transfer,0,22,public_task_span,0.5,0.5,0.8515625,64,response_first,public_task_span
phase_transfer,1,22,public_task_span,0.5,0.5,0.765625,48,response_first,public_task_span
phase_transfer,2,22,public_task_span,0.5,0.5,0.7604166666666667,48,response_first,public_task_span
phase_transfer,3,22,public_task_span,0.5,0.5,0.8090277777777778,48,response_first,public_task_span
phase_transfer,4,22,public_task_span,0.5,0.5,0.7986111111111112,48,response_first,public_task_span
phase_transfer,0,22,final_prompt,0.5,0.5,0.890625,64,response_first,final_prompt
phase_transfer,1,22,final_prompt,0.5,0.5,0.5416666666666667,48,response_first,final_prompt
phase_transfer,2,22,final_prompt,0.5,0.5,0.9965277777777777,48,response_first,final_prompt
phase_transfer,3,22,final_prompt,0.5,0.5,0.7291666666666667,48,response_first,final_prompt
phase_transfer,4,22,final_prompt,0.5,0.5,0.974826388888889,48,response_first,final_prompt
phase_transfer,0,22,response_first,1.0,1.0,1.0,64,response_first,response_first
phase_transfer,1,22,response_first,0.9583333333333334,0.9583333333333333,0.998263888888889,48,response_first,response_first
phase_transfer,2,22,response_first,1.0,1.0,1.0,48,response_first,response_first
phase_transfer,3,22,response_first,1.0,1.0,1.0,48,response_first,response_first
phase_transfer,4,22,response_first,0.9791666666666666,0.9791666666666667,1.0,48,response_first,response_first
phase_transfer,0,22,response_mean,0.984375,0.984375,1.0,64,response_first,response_mean
phase_transfer,1,22,response_mean,0.9791666666666666,0.9791666666666667,1.0,48,response_first,response_mean
phase_transfer,2,22,response_mean,0.7083333333333334,0.7083333333333334,1.0,48,response_first,response_mean
phase_transfer,3,22,response_mean,0.9375,0.9375,0.9947916666666666,48,response_first,response_mean
phase_transfer,4,22,response_mean,0.875,0.875,1.0,48,response_first,response_mean
phase_transfer,0,22,pre_selector,0.5,0.5,0.5,64,response_mean,pre_selector
phase_transfer,1,22,pre_selector,0.5,0.5,0.5,48,response_mean,pre_selector
phase_transfer,2,22,pre_selector,0.5,0.5,0.5,48,response_mean,pre_selector
phase_transfer,3,22,pre_selector,0.5,0.5,0.5,48,response_mean,pre_selector
phase_transfer,4,22,pre_selector,0.5,0.5,0.5,48,response_mean,pre_selector
phase_transfer,0,22,post_selector,1.0,1.0,1.0,64,response_mean,post_selector
phase_transfer,1,22,post_selector,1.0,1.0,1.0,48,response_mean,post_selector
phase_transfer,2,22,post_selector,0.9375,0.9375,1.0,48,response_mean,post_selector
phase_transfer,3,22,post_selector,1.0,1.0,1.0,48,response_mean,post_selector
phase_transfer,4,22,post_selector,1.0,1.0,1.0,48,response_mean,post_selector
phase_transfer,0,22,public_task_span,0.515625,0.515625,0.943359375,64,response_mean,public_task_span
phase_transfer,1,22,public_task_span,0.5,0.5,0.921875,48,response_mean,public_task_span
phase_transfer,2,22,public_task_span,0.6458333333333334,0.6458333333333334,0.828125,48,response_mean,public_task_span
phase_transfer,3,22,public_task_span,0.7916666666666666,0.7916666666666667,0.8211805555555556,48,response_mean,public_task_span
phase_transfer,4,22,public_task_span,0.5,0.5,0.8958333333333334,48,response_mean,public_task_span
phase_transfer,0,22,final_prompt,0.5,0.5,0.994140625,64,response_mean,final_prompt
phase_transfer,1,22,final_prompt,0.5,0.5,0.9913194444444444,48,response_mean,final_prompt
phase_transfer,2,22,final_prompt,0.5,0.5,0.9947916666666666,48,response_mean,final_prompt
phase_transfer,3,22,final_prompt,0.5625,0.5625,0.9965277777777778,48,response_mean,final_prompt
phase_transfer,4,22,final_prompt,0.5,0.5,0.9878472222222222,48,response_mean,final_prompt
phase_transfer,0,22,response_first,0.515625,0.515625,1.0,64,response_mean,response_first
phase_transfer,1,22,response_first,0.8125,0.8125,1.0,48,response_mean,response_first
phase_transfer,2,22,response_first,0.5416666666666666,0.5416666666666666,1.0,48,response_mean,response_first
phase_transfer,3,22,response_first,0.5208333333333334,0.5208333333333334,0.9947916666666666,48,response_mean,response_first
phase_transfer,4,22,response_first,0.5416666666666666,0.5416666666666666,0.9913194444444444,48,response_mean,response_first
phase_transfer,0,22,response_mean,1.0,1.0,1.0,64,response_mean,response_mean
phase_transfer,1,22,response_mean,1.0,1.0,1.0,48,response_mean,response_mean
phase_transfer,2,22,response_mean,1.0,1.0,1.0,48,response_mean,response_mean
phase_transfer,3,22,response_mean,0.9583333333333334,0.9583333333333334,0.998263888888889,48,response_mean,response_mean
phase_transfer,4,22,response_mean,1.0,1.0,1.0,48,response_mean,response_mean
phase_transfer,0,21,pre_selector,0.5,0.5,0.5,64,pre_selector,pre_selector
phase_transfer,1,21,pre_selector,0.5,0.5,0.5,48,pre_selector,pre_selector
phase_transfer,2,21,pre_selector,0.5,0.5,0.5,48,pre_selector,pre_selector
phase_transfer,3,21,pre_selector,0.5,0.5,0.5,48,pre_selector,pre_selector
phase_transfer,4,21,pre_selector,0.5,0.5,0.5,48,pre_selector,pre_selector
phase_transfer,0,21,post_selector,0.5,0.5,0.5,64,pre_selector,post_selector
phase_transfer,1,21,post_selector,0.5,0.5,0.5,48,pre_selector,post_selector
phase_transfer,2,21,post_selector,0.5,0.5,0.5,48,pre_selector,post_selector
phase_transfer,3,21,post_selector,0.5,0.5,0.5,48,pre_selector,post_selector
phase_transfer,4,21,post_selector,0.5,0.5,0.5,48,pre_selector,post_selector
phase_transfer,0,21,public_task_span,0.5,0.5,0.5,64,pre_selector,public_task_span
phase_transfer,1,21,public_task_span,0.5,0.5,0.5,48,pre_selector,public_task_span
phase_transfer,2,21,public_task_span,0.5,0.5,0.5,48,pre_selector,public_task_span
phase_transfer,3,21,public_task_span,0.5,0.5,0.5,48,pre_selector,public_task_span
phase_transfer,4,21,public_task_span,0.5,0.5,0.5,48,pre_selector,public_task_span
phase_transfer,0,21,final_prompt,0.5,0.5,0.5,64,pre_selector,final_prompt
phase_transfer,1,21,final_prompt,0.5,0.5,0.5,48,pre_selector,final_prompt
phase_transfer,2,21,final_prompt,0.5,0.5,0.5,48,pre_selector,final_prompt
phase_transfer,3,21,final_prompt,0.5,0.5,0.5,48,pre_selector,final_prompt
phase_transfer,4,21,final_prompt,0.5,0.5,0.5,48,pre_selector,final_prompt
phase_transfer,0,21,response_first,0.5,0.5,0.5,64,pre_selector,response_first
phase_transfer,1,21,response_first,0.5,0.5,0.5,48,pre_selector,response_first
phase_transfer,2,21,response_first,0.5,0.5,0.5,48,pre_selector,response_first
phase_transfer,3,21,response_first,0.5,0.5,0.5,48,pre_selector,response_first
phase_transfer,4,21,response_first,0.5,0.5,0.5,48,pre_selector,response_first
phase_transfer,0,21,response_mean,0.5,0.5,0.5,64,pre_selector,response_mean
phase_transfer,1,21,response_mean,0.5,0.5,0.5,48,pre_selector,response_mean
phase_transfer,2,21,response_mean,0.5,0.5,0.5,48,pre_selector,response_mean
phase_transfer,3,21,response_mean,0.5,0.5,0.5,48,pre_selector,response_mean
phase_transfer,4,21,response_mean,0.5,0.5,0.5,48,pre_selector,response_mean
phase_transfer,0,21,pre_selector,0.5,0.5,0.5,64,post_selector,pre_selector
phase_transfer,1,21,pre_selector,0.5,0.5,0.5,48,post_selector,pre_selector
phase_transfer,2,21,pre_selector,0.5,0.5,0.5,48,post_selector,pre_selector
phase_transfer,3,21,pre_selector,0.5,0.5,0.5,48,post_selector,pre_selector
phase_transfer,4,21,pre_selector,0.5,0.5,0.5,48,post_selector,pre_selector
phase_transfer,0,21,post_selector,1.0,1.0,1.0,64,post_selector,post_selector
phase_transfer,1,21,post_selector,1.0,1.0,1.0,48,post_selector,post_selector
phase_transfer,2,21,post_selector,1.0,1.0,1.0,48,post_selector,post_selector
phase_transfer,3,21,post_selector,1.0,1.0,1.0,48,post_selector,post_selector
phase_transfer,4,21,post_selector,1.0,1.0,1.0,48,post_selector,post_selector
phase_transfer,0,21,public_task_span,0.5,0.5,0.8154296875,64,post_selector,public_task_span
phase_transfer,1,21,public_task_span,0.5,0.5,0.8559027777777777,48,post_selector,public_task_span
phase_transfer,2,21,public_task_span,0.5,0.5,0.796875,48,post_selector,public_task_span
phase_transfer,3,21,public_task_span,0.5,0.5,0.71875,48,post_selector,public_task_span
phase_transfer,4,21,public_task_span,0.5,0.5,0.6684027777777778,48,post_selector,public_task_span
phase_transfer,0,21,final_prompt,0.5,0.5,0.73046875,64,post_selector,final_prompt
phase_transfer,1,21,final_prompt,0.5,0.5,0.7829861111111112,48,post_selector,final_prompt
phase_transfer,2,21,final_prompt,0.5,0.5,0.7395833333333334,48,post_selector,final_prompt
phase_transfer,3,21,final_prompt,0.5,0.5,0.7569444444444444,48,post_selector,final_prompt
phase_transfer,4,21,final_prompt,0.5,0.5,0.6545138888888888,48,post_selector,final_prompt
phase_transfer,0,21,response_first,0.5,0.5,0.7138671875,64,post_selector,response_first
phase_transfer,1,21,response_first,0.5208333333333334,0.5208333333333334,0.7552083333333334,48,post_selector,response_first
phase_transfer,2,21,response_first,0.5,0.5,0.71875,48,post_selector,response_first
phase_transfer,3,21,response_first,0.5,0.5,0.6996527777777778,48,post_selector,response_first
phase_transfer,4,21,response_first,0.6458333333333334,0.6458333333333334,0.6753472222222222,48,post_selector,response_first
phase_transfer,0,21,response_mean,0.5,0.5,0.982421875,64,post_selector,response_mean
phase_transfer,1,21,response_mean,0.5,0.5,0.9895833333333334,48,post_selector,response_mean
phase_transfer,2,21,response_mean,0.5,0.5,0.9340277777777778,48,post_selector,response_mean
phase_transfer,3,21,response_mean,0.5,0.5,0.9774305555555556,48,post_selector,response_mean
phase_transfer,4,21,response_mean,0.5208333333333334,0.5208333333333334,0.9253472222222222,48,post_selector,response_mean
phase_transfer,0,21,pre_selector,0.5,0.5,0.5,64,public_task_span,pre_selector
phase_transfer,1,21,pre_selector,0.5,0.5,0.5,48,public_task_span,pre_selector
phase_transfer,2,21,pre_selector,0.5,0.5,0.5,48,public_task_span,pre_selector
phase_transfer,3,21,pre_selector,0.5,0.5,0.5,48,public_task_span,pre_selector
phase_transfer,4,21,pre_selector,0.5,0.5,0.5,48,public_task_span,pre_selector
phase_transfer,0,21,post_selector,0.75,0.75,0.828125,64,public_task_span,post_selector
phase_transfer,1,21,post_selector,0.8125,0.8125,1.0,48,public_task_span,post_selector
phase_transfer,2,21,post_selector,0.7708333333333334,0.7708333333333333,0.8697916666666666,48,public_task_span,post_selector
phase_transfer,3,21,post_selector,0.7291666666666666,0.7291666666666666,0.7708333333333334,48,public_task_span,post_selector
phase_transfer,4,21,post_selector,0.7708333333333334,0.7708333333333333,1.0,48,public_task_span,post_selector
phase_transfer,0,21,public_task_span,1.0,1.0,1.0,64,public_task_span,public_task_span
phase_transfer,1,21,public_task_span,0.9583333333333334,0.9583333333333333,0.9965277777777777,48,public_task_span,public_task_span
phase_transfer,2,21,public_task_span,0.9791666666666666,0.9791666666666667,1.0,48,public_task_span,public_task_span
phase_transfer,3,21,public_task_span,1.0,1.0,1.0,48,public_task_span,public_task_span
phase_transfer,4,21,public_task_span,1.0,1.0,1.0,48,public_task_span,public_task_span
phase_transfer,0,21,final_prompt,0.6875,0.6875,0.9619140625,64,public_task_span,final_prompt
phase_transfer,1,21,final_prompt,0.625,0.625,0.9809027777777778,48,public_task_span,final_prompt
phase_transfer,2,21,final_prompt,0.6666666666666666,0.6666666666666666,0.9635416666666667,48,public_task_span,final_prompt
phase_transfer,3,21,final_prompt,0.6875,0.6875,0.8871527777777778,48,public_task_span,final_prompt
phase_transfer,4,21,final_prompt,0.8125,0.8125,0.9739583333333333,48,public_task_span,final_prompt
phase_transfer,0,21,response_first,0.609375,0.609375,0.951171875,64,public_task_span,response_first
phase_transfer,1,21,response_first,0.625,0.625,0.9444444444444445,48,public_task_span,response_first
phase_transfer,2,21,response_first,0.6041666666666666,0.6041666666666666,0.9409722222222222,48,public_task_span,response_first
phase_transfer,3,21,response_first,0.7083333333333334,0.7083333333333333,0.8663194444444444,48,public_task_span,response_first
phase_transfer,4,21,response_first,0.875,0.875,0.9479166666666667,48,public_task_span,response_first
phase_transfer,0,21,response_mean,0.859375,0.859375,1.0,64,public_task_span,response_mean
phase_transfer,1,21,response_mean,0.7291666666666666,0.7291666666666666,1.0,48,public_task_span,response_mean
phase_transfer,2,21,response_mean,0.875,0.875,1.0,48,public_task_span,response_mean
phase_transfer,3,21,response_mean,0.7708333333333334,0.7708333333333333,0.9930555555555556,48,public_task_span,response_mean
phase_transfer,4,21,response_mean,0.9583333333333334,0.9583333333333333,1.0,48,public_task_span,response_mean
phase_transfer,0,21,pre_selector,0.5,0.5,0.5,64,final_prompt,pre_selector
phase_transfer,1,21,pre_selector,0.5,0.5,0.5,48,final_prompt,pre_selector
phase_transfer,2,21,pre_selector,0.5,0.5,0.5,48,final_prompt,pre_selector
phase_transfer,3,21,pre_selector,0.5,0.5,0.5,48,final_prompt,pre_selector
phase_transfer,4,21,pre_selector,0.5,0.5,0.5,48,final_prompt,pre_selector
phase_transfer,0,21,post_selector,1.0,1.0,1.0,64,final_prompt,post_selector
phase_transfer,1,21,post_selector,0.8541666666666666,0.8541666666666667,1.0,48,final_prompt,post_selector
phase_transfer,2,21,post_selector,0.6458333333333334,0.6458333333333334,0.998263888888889,48,final_prompt,post_selector
phase_transfer,3,21,post_selector,0.5833333333333334,0.5833333333333334,0.9965277777777778,48,final_prompt,post_selector
phase_transfer,4,21,post_selector,0.7083333333333334,0.7083333333333334,1.0,48,final_prompt,post_selector
phase_transfer,0,21,public_task_span,0.5,0.5,0.90625,64,final_prompt,public_task_span
phase_transfer,1,21,public_task_span,0.5,0.5,0.8767361111111112,48,final_prompt,public_task_span
phase_transfer,2,21,public_task_span,0.75,0.75,0.8802083333333334,48,final_prompt,public_task_span
phase_transfer,3,21,public_task_span,0.5,0.5,0.8645833333333333,48,final_prompt,public_task_span
phase_transfer,4,21,public_task_span,0.5,0.5,0.9131944444444444,48,final_prompt,public_task_span
phase_transfer,0,21,final_prompt,1.0,1.0,1.0,64,final_prompt,final_prompt
phase_transfer,1,21,final_prompt,1.0,1.0,1.0,48,final_prompt,final_prompt
phase_transfer,2,21,final_prompt,1.0,1.0,1.0,48,final_prompt,final_prompt
phase_transfer,3,21,final_prompt,1.0,1.0,1.0,48,final_prompt,final_prompt
phase_transfer,4,21,final_prompt,1.0,1.0,1.0,48,final_prompt,final_prompt
phase_transfer,0,21,response_first,0.5,0.5,0.9921875,64,final_prompt,response_first
phase_transfer,1,21,response_first,0.5,0.5,0.9826388888888888,48,final_prompt,response_first
phase_transfer,2,21,response_first,0.5,0.5,0.9947916666666667,48,final_prompt,response_first
phase_transfer,3,21,response_first,0.5,0.5,0.8697916666666666,48,final_prompt,response_first
phase_transfer,4,21,response_first,0.5,0.5,0.9895833333333334,48,final_prompt,response_first
phase_transfer,0,21,response_mean,0.515625,0.515625,1.0,64,final_prompt,response_mean
phase_transfer,1,21,response_mean,0.5625,0.5625,0.9947916666666666,48,final_prompt,response_mean
phase_transfer,2,21,response_mean,0.5,0.5,0.9965277777777778,48,final_prompt,response_mean
phase_transfer,3,21,response_mean,0.5,0.5,0.984375,48,final_prompt,response_mean
phase_transfer,4,21,response_mean,0.5,0.5,0.9878472222222222,48,final_prompt,response_mean
phase_transfer,0,21,pre_selector,0.5,0.5,0.5,64,response_first,pre_selector
phase_transfer,1,21,pre_selector,0.5,0.5,0.5,48,response_first,pre_selector
phase_transfer,2,21,pre_selector,0.5,0.5,0.5,48,response_first,pre_selector
phase_transfer,3,21,pre_selector,0.5,0.5,0.5,48,response_first,pre_selector
phase_transfer,4,21,pre_selector,0.5,0.5,0.5,48,response_first,pre_selector
phase_transfer,0,21,post_selector,0.78125,0.78125,0.919921875,64,response_first,post_selector
phase_transfer,1,21,post_selector,0.5416666666666666,0.5416666666666666,0.8854166666666666,48,response_first,post_selector
phase_transfer,2,21,post_selector,0.5,0.5,0.873263888888889,48,response_first,post_selector
phase_transfer,3,21,post_selector,0.5208333333333334,0.5208333333333334,0.8715277777777778,48,response_first,post_selector
phase_transfer,4,21,post_selector,0.5,0.5,0.9166666666666667,48,response_first,post_selector
phase_transfer,0,21,public_task_span,0.84375,0.84375,0.9150390625,64,response_first,public_task_span
phase_transfer,1,21,public_task_span,0.5416666666666666,0.5416666666666666,0.8194444444444444,48,response_first,public_task_span
phase_transfer,2,21,public_task_span,0.5,0.5,0.8732638888888888,48,response_first,public_task_span
phase_transfer,3,21,public_task_span,0.5,0.5,0.84375,48,response_first,public_task_span
phase_transfer,4,21,public_task_span,0.5,0.5,0.8940972222222222,48,response_first,public_task_span
phase_transfer,0,21,final_prompt,0.84375,0.84375,1.0,64,response_first,final_prompt
phase_transfer,1,21,final_prompt,0.8541666666666666,0.8541666666666667,1.0,48,response_first,final_prompt
phase_transfer,2,21,final_prompt,0.6458333333333334,0.6458333333333334,0.9965277777777778,48,response_first,final_prompt
phase_transfer,3,21,final_prompt,0.5833333333333334,0.5833333333333334,0.9739583333333333,48,response_first,final_prompt
phase_transfer,4,21,final_prompt,0.6666666666666666,0.6666666666666666,0.9965277777777778,48,response_first,final_prompt
phase_transfer,0,21,response_first,0.984375,0.984375,1.0,64,response_first,response_first
phase_transfer,1,21,response_first,0.9375,0.9375,0.9913194444444444,48,response_first,response_first
phase_transfer,2,21,response_first,1.0,1.0,1.0,48,response_first,response_first
phase_transfer,3,21,response_first,0.9166666666666666,0.9166666666666667,0.9930555555555556,48,response_first,response_first
phase_transfer,4,21,response_first,0.9791666666666666,0.9791666666666667,1.0,48,response_first,response_first
phase_transfer,0,21,response_mean,0.953125,0.953125,1.0,64,response_first,response_mean
phase_transfer,1,21,response_mean,0.9375,0.9375,1.0,48,response_first,response_mean
phase_transfer,2,21,response_mean,1.0,1.0,1.0,48,response_first,response_mean
phase_transfer,3,21,response_mean,0.8541666666666666,0.8541666666666667,0.9878472222222223,48,response_first,response_mean
phase_transfer,4,21,response_mean,0.9791666666666666,0.9791666666666667,1.0,48,response_first,response_mean
phase_transfer,0,21,pre_selector,0.5,0.5,0.5,64,response_mean,pre_selector
phase_transfer,1,21,pre_selector,0.5,0.5,0.5,48,response_mean,pre_selector
phase_transfer,2,21,pre_selector,0.5,0.5,0.5,48,response_mean,pre_selector
phase_transfer,3,21,pre_selector,0.5,0.5,0.5,48,response_mean,pre_selector
phase_transfer,4,21,pre_selector,0.5,0.5,0.5,48,response_mean,pre_selector
phase_transfer,0,21,post_selector,1.0,1.0,1.0,64,response_mean,post_selector
phase_transfer,1,21,post_selector,1.0,1.0,1.0,48,response_mean,post_selector
phase_transfer,2,21,post_selector,1.0,1.0,1.0,48,response_mean,post_selector
phase_transfer,3,21,post_selector,1.0,1.0,1.0,48,response_mean,post_selector
phase_transfer,4,21,post_selector,1.0,1.0,1.0,48,response_mean,post_selector
phase_transfer,0,21,public_task_span,0.53125,0.53125,0.9833984375,64,response_mean,public_task_span
phase_transfer,1,21,public_task_span,0.5,0.5,0.9618055555555556,48,response_mean,public_task_span
phase_transfer,2,21,public_task_span,0.5,0.5,0.9184027777777778,48,response_mean,public_task_span
phase_transfer,3,21,public_task_span,0.5,0.5,0.8784722222222223,48,response_mean,public_task_span
phase_transfer,4,21,public_task_span,0.5416666666666666,0.5416666666666666,0.9305555555555556,48,response_mean,public_task_span
phase_transfer,0,21,final_prompt,0.546875,0.546875,1.0,64,response_mean,final_prompt
phase_transfer,1,21,final_prompt,0.6666666666666666,0.6666666666666666,0.9913194444444444,48,response_mean,final_prompt
phase_transfer,2,21,final_prompt,0.6458333333333334,0.6458333333333334,1.0,48,response_mean,final_prompt
phase_transfer,3,21,final_prompt,0.7708333333333334,0.7708333333333333,0.9791666666666666,48,response_mean,final_prompt
phase_transfer,4,21,final_prompt,0.625,0.625,0.9965277777777778,48,response_mean,final_prompt
phase_transfer,0,21,response_first,0.59375,0.59375,1.0,64,response_mean,response_first
phase_transfer,1,21,response_first,0.9583333333333334,0.9583333333333333,0.998263888888889,48,response_mean,response_first
phase_transfer,2,21,response_first,0.7083333333333334,0.7083333333333334,1.0,48,response_mean,response_first
phase_transfer,3,21,response_first,0.5416666666666666,0.5416666666666666,0.9930555555555556,48,response_mean,response_first
phase_transfer,4,21,response_first,0.5416666666666666,0.5416666666666666,0.998263888888889,48,response_mean,response_first
phase_transfer,0,21,response_mean,1.0,1.0,1.0,64,response_mean,response_mean
phase_transfer,1,21,response_mean,1.0,1.0,1.0,48,response_mean,response_mean
phase_transfer,2,21,response_mean,1.0,1.0,1.0,48,response_mean,response_mean
phase_transfer,3,21,response_mean,1.0,1.0,1.0,48,response_mean,response_mean
phase_transfer,4,21,response_mean,1.0,1.0,1.0,48,response_mean,response_mean
phase_transfer,0,25,pre_selector,0.5,0.5,0.5,64,pre_selector,pre_selector
phase_transfer,1,25,pre_selector,0.5,0.5,0.5,48,pre_selector,pre_selector
phase_transfer,2,25,pre_selector,0.5,0.5,0.5,48,pre_selector,pre_selector
phase_transfer,3,25,pre_selector,0.5,0.5,0.5,48,pre_selector,pre_selector
phase_transfer,4,25,pre_selector,0.5,0.5,0.5,48,pre_selector,pre_selector
phase_transfer,0,25,post_selector,0.5,0.5,0.5,64,pre_selector,post_selector
phase_transfer,1,25,post_selector,0.5,0.5,0.5,48,pre_selector,post_selector
phase_transfer,2,25,post_selector,0.5,0.5,0.5,48,pre_selector,post_selector
phase_transfer,3,25,post_selector,0.5,0.5,0.5,48,pre_selector,post_selector
phase_transfer,4,25,post_selector,0.5,0.5,0.5,48,pre_selector,post_selector
phase_transfer,0,25,public_task_span,0.5,0.5,0.5,64,pre_selector,public_task_span
phase_transfer,1,25,public_task_span,0.5,0.5,0.5,48,pre_selector,public_task_span
phase_transfer,2,25,public_task_span,0.5,0.5,0.5,48,pre_selector,public_task_span
phase_transfer,3,25,public_task_span,0.5,0.5,0.5,48,pre_selector,public_task_span
phase_transfer,4,25,public_task_span,0.5,0.5,0.5,48,pre_selector,public_task_span
phase_transfer,0,25,final_prompt,0.5,0.5,0.5,64,pre_selector,final_prompt
phase_transfer,1,25,final_prompt,0.5,0.5,0.5,48,pre_selector,final_prompt
phase_transfer,2,25,final_prompt,0.5,0.5,0.5,48,pre_selector,final_prompt
phase_transfer,3,25,final_prompt,0.5,0.5,0.5,48,pre_selector,final_prompt
phase_transfer,4,25,final_prompt,0.5,0.5,0.5,48,pre_selector,final_prompt
phase_transfer,0,25,response_first,0.5,0.5,0.5,64,pre_selector,response_first
phase_transfer,1,25,response_first,0.5,0.5,0.5,48,pre_selector,response_first
phase_transfer,2,25,response_first,0.5,0.5,0.5,48,pre_selector,response_first
phase_transfer,3,25,response_first,0.5,0.5,0.5,48,pre_selector,response_first
phase_transfer,4,25,response_first,0.5,0.5,0.5,48,pre_selector,response_first
phase_transfer,0,25,response_mean,0.5,0.5,0.5,64,pre_selector,response_mean
phase_transfer,1,25,response_mean,0.5,0.5,0.5,48,pre_selector,response_mean
phase_transfer,2,25,response_mean,0.5,0.5,0.5,48,pre_selector,response_mean
phase_transfer,3,25,response_mean,0.5,0.5,0.5,48,pre_selector,response_mean
phase_transfer,4,25,response_mean,0.5,0.5,0.5,48,pre_selector,response_mean
phase_transfer,0,25,pre_selector,0.5,0.5,0.5,64,post_selector,pre_selector
phase_transfer,1,25,pre_selector,0.5,0.5,0.5,48,post_selector,pre_selector
phase_transfer,2,25,pre_selector,0.5,0.5,0.5,48,post_selector,pre_selector
phase_transfer,3,25,pre_selector,0.5,0.5,0.5,48,post_selector,pre_selector
phase_transfer,4,25,pre_selector,0.5,0.5,0.5,48,post_selector,pre_selector
phase_transfer,0,25,post_selector,1.0,1.0,1.0,64,post_selector,post_selector
phase_transfer,1,25,post_selector,1.0,1.0,1.0,48,post_selector,post_selector
phase_transfer,2,25,post_selector,1.0,1.0,1.0,48,post_selector,post_selector
phase_transfer,3,25,post_selector,1.0,1.0,1.0,48,post_selector,post_selector
phase_transfer,4,25,post_selector,1.0,1.0,1.0,48,post_selector,post_selector
phase_transfer,0,25,public_task_span,0.625,0.625,0.7744140625,64,post_selector,public_task_span
phase_transfer,1,25,public_task_span,0.5,0.5,0.6979166666666666,48,post_selector,public_task_span
phase_transfer,2,25,public_task_span,0.5833333333333334,0.5833333333333334,0.7152777777777778,48,post_selector,public_task_span
phase_transfer,3,25,public_task_span,0.5,0.5,0.6822916666666666,48,post_selector,public_task_span
phase_transfer,4,25,public_task_span,0.5,0.5,0.6684027777777778,48,post_selector,public_task_span
phase_transfer,0,25,final_prompt,0.5,0.5,0.8828125,64,post_selector,final_prompt
phase_transfer,1,25,final_prompt,0.5,0.5,0.8975694444444445,48,post_selector,final_prompt
phase_transfer,2,25,final_prompt,0.5,0.5,0.8211805555555556,48,post_selector,final_prompt
phase_transfer,3,25,final_prompt,0.5,0.5,0.8489583333333334,48,post_selector,final_prompt
phase_transfer,4,25,final_prompt,0.5,0.5,0.8854166666666665,48,post_selector,final_prompt
phase_transfer,0,25,response_first,0.5,0.5,0.822265625,64,post_selector,response_first
phase_transfer,1,25,response_first,0.5,0.5,0.873263888888889,48,post_selector,response_first
phase_transfer,2,25,response_first,0.5,0.5,0.7986111111111112,48,post_selector,response_first
phase_transfer,3,25,response_first,0.5,0.5,0.796875,48,post_selector,response_first
phase_transfer,4,25,response_first,0.5,0.5,0.734375,48,post_selector,response_first
phase_transfer,0,25,response_mean,0.5,0.5,0.943359375,64,post_selector,response_mean
phase_transfer,1,25,response_mean,0.5,0.5,0.9548611111111112,48,post_selector,response_mean
phase_transfer,2,25,response_mean,0.5,0.5,0.8715277777777778,48,post_selector,response_mean
phase_transfer,3,25,response_mean,0.5,0.5,0.9149305555555555,48,post_selector,response_mean
phase_transfer,4,25,response_mean,0.5,0.5,0.8194444444444445,48,post_selector,response_mean
phase_transfer,0,25,pre_selector,0.5,0.5,0.5,64,public_task_span,pre_selector
phase_transfer,1,25,pre_selector,0.5,0.5,0.5,48,public_task_span,pre_selector
phase_transfer,2,25,pre_selector,0.5,0.5,0.5,48,public_task_span,pre_selector
phase_transfer,3,25,pre_selector,0.5,0.5,0.5,48,public_task_span,pre_selector
phase_transfer,4,25,pre_selector,0.5,0.5,0.5,48,public_task_span,pre_selector
phase_transfer,0,25,post_selector,0.78125,0.78125,1.0,64,public_task_span,post_selector
phase_transfer,1,25,post_selector,0.6666666666666666,0.6666666666666666,0.9340277777777778,48,public_task_span,post_selector
phase_transfer,2,25,post_selector,0.7708333333333334,0.7708333333333334,0.8559027777777779,48,public_task_span,post_selector
phase_transfer,3,25,post_selector,0.8333333333333334,0.8333333333333334,0.9774305555555556,48,public_task_span,post_selector
phase_transfer,4,25,post_selector,0.8958333333333334,0.8958333333333333,0.9670138888888888,48,public_task_span,post_selector
phase_transfer,0,25,public_task_span,0.984375,0.984375,1.0,64,public_task_span,public_task_span
phase_transfer,1,25,public_task_span,0.8541666666666666,0.8541666666666667,0.970486111111111,48,public_task_span,public_task_span
phase_transfer,2,25,public_task_span,0.8958333333333334,0.8958333333333333,1.0,48,public_task_span,public_task_span
phase_transfer,3,25,public_task_span,0.8541666666666666,0.8541666666666667,0.9947916666666667,48,public_task_span,public_task_span
phase_transfer,4,25,public_task_span,0.9583333333333334,0.9583333333333333,1.0,48,public_task_span,public_task_span
phase_transfer,0,25,final_prompt,0.5,0.5,0.9228515625,64,public_task_span,final_prompt
phase_transfer,1,25,final_prompt,0.5,0.5,0.9444444444444444,48,public_task_span,final_prompt
phase_transfer,2,25,final_prompt,0.5,0.5,0.9600694444444444,48,public_task_span,final_prompt
phase_transfer,3,25,final_prompt,0.5,0.5,0.8663194444444444,48,public_task_span,final_prompt
phase_transfer,4,25,final_prompt,0.5,0.5,0.892361111111111,48,public_task_span,final_prompt
phase_transfer,0,25,response_first,0.5,0.5,0.880859375,64,public_task_span,response_first
phase_transfer,1,25,response_first,0.5,0.5,0.9618055555555556,48,public_task_span,response_first
phase_transfer,2,25,response_first,0.5,0.5,0.9270833333333333,48,public_task_span,response_first
phase_transfer,3,25,response_first,0.5,0.5,0.8298611111111112,48,public_task_span,response_first
phase_transfer,4,25,response_first,0.5,0.5,0.9565972222222221,48,public_task_span,response_first
phase_transfer,0,25,response_mean,0.5,0.5,0.9658203125,64,public_task_span,response_mean
phase_transfer,1,25,response_mean,0.5,0.5,0.9878472222222222,48,public_task_span,response_mean
phase_transfer,2,25,response_mean,0.5,0.5,0.9427083333333334,48,public_task_span,response_mean
phase_transfer,3,25,response_mean,0.5,0.5,0.9670138888888888,48,public_task_span,response_mean
phase_transfer,4,25,response_mean,0.5,0.5,0.9149305555555556,48,public_task_span,response_mean
phase_transfer,0,25,pre_selector,0.5,0.5,0.5,64,final_prompt,pre_selector
phase_transfer,1,25,pre_selector,0.5,0.5,0.5,48,final_prompt,pre_selector
phase_transfer,2,25,pre_selector,0.5,0.5,0.49999999999999994,48,final_prompt,pre_selector
phase_transfer,3,25,pre_selector,0.5,0.5,0.5,48,final_prompt,pre_selector
phase_transfer,4,25,pre_selector,0.5,0.5,0.5,48,final_prompt,pre_selector
phase_transfer,0,25,post_selector,0.96875,0.96875,1.0,64,final_prompt,post_selector
phase_transfer,1,25,post_selector,0.875,0.875,1.0,48,final_prompt,post_selector
phase_transfer,2,25,post_selector,0.9166666666666666,0.9166666666666667,1.0,48,final_prompt,post_selector
phase_transfer,3,25,post_selector,0.8125,0.8125,1.0,48,final_prompt,post_selector
phase_transfer,4,25,post_selector,0.9375,0.9375,1.0,48,final_prompt,post_selector
phase_transfer,0,25,public_task_span,0.5,0.5,0.818359375,64,final_prompt,public_task_span
phase_transfer,1,25,public_task_span,0.5,0.5,0.7274305555555556,48,final_prompt,public_task_span
phase_transfer,2,25,public_task_span,0.6458333333333334,0.6458333333333333,0.6684027777777778,48,final_prompt,public_task_span
phase_transfer,3,25,public_task_span,0.5,0.5,0.703125,48,final_prompt,public_task_span
phase_transfer,4,25,public_task_span,0.5,0.5,0.7430555555555556,48,final_prompt,public_task_span
phase_transfer,0,25,final_prompt,1.0,1.0,1.0,64,final_prompt,final_prompt
phase_transfer,1,25,final_prompt,1.0,1.0,1.0,48,final_prompt,final_prompt
phase_transfer,2,25,final_prompt,1.0,1.0,1.0,48,final_prompt,final_prompt
phase_transfer,3,25,final_prompt,0.9583333333333334,0.9583333333333333,1.0,48,final_prompt,final_prompt
phase_transfer,4,25,final_prompt,0.9791666666666666,0.9791666666666667,1.0,48,final_prompt,final_prompt
phase_transfer,0,25,response_first,0.640625,0.640625,1.0,64,final_prompt,response_first
phase_transfer,1,25,response_first,0.7291666666666666,0.7291666666666666,0.9791666666666666,48,final_prompt,response_first
phase_transfer,2,25,response_first,0.5208333333333334,0.5208333333333334,0.9826388888888888,48,final_prompt,response_first
phase_transfer,3,25,response_first,0.5,0.5,0.8993055555555556,48,final_prompt,response_first
phase_transfer,4,25,response_first,0.5625,0.5625,0.998263888888889,48,final_prompt,response_first
phase_transfer,0,25,response_mean,1.0,1.0,1.0,64,final_prompt,response_mean
phase_transfer,1,25,response_mean,0.9791666666666666,0.9791666666666667,0.9965277777777778,48,final_prompt,response_mean
phase_transfer,2,25,response_mean,0.6041666666666666,0.6041666666666666,1.0,48,final_prompt,response_mean
phase_transfer,3,25,response_mean,0.5,0.5,0.9583333333333334,48,final_prompt,response_mean
phase_transfer,4,25,response_mean,0.8333333333333334,0.8333333333333333,0.9965277777777777,48,final_prompt,response_mean
phase_transfer,0,25,pre_selector,0.5,0.5,0.5,64,response_first,pre_selector
phase_transfer,1,25,pre_selector,0.5,0.5,0.5,48,response_first,pre_selector
phase_transfer,2,25,pre_selector,0.5,0.5,0.5,48,response_first,pre_selector
phase_transfer,3,25,pre_selector,0.5,0.5,0.5,48,response_first,pre_selector
phase_transfer,4,25,pre_selector,0.5,0.5,0.5,48,response_first,pre_selector
phase_transfer,0,25,post_selector,0.5,0.5,0.796875,64,response_first,post_selector
phase_transfer,1,25,post_selector,0.5,0.5,0.5416666666666667,48,response_first,post_selector
phase_transfer,2,25,post_selector,0.5,0.5,0.5,48,response_first,post_selector
phase_transfer,3,25,post_selector,0.5416666666666666,0.5416666666666666,0.9756944444444444,48,response_first,post_selector
phase_transfer,4,25,post_selector,0.5,0.5,0.9166666666666665,48,response_first,post_selector
phase_transfer,0,25,public_task_span,0.5,0.5,0.728515625,64,response_first,public_task_span
phase_transfer,1,25,public_task_span,0.5,0.5,0.6701388888888888,48,response_first,public_task_span
phase_transfer,2,25,public_task_span,0.5,0.5,0.6944444444444445,48,response_first,public_task_span
phase_transfer,3,25,public_task_span,0.5,0.5,0.6892361111111112,48,response_first,public_task_span
phase_transfer,4,25,public_task_span,0.5,0.5,0.7274305555555556,48,response_first,public_task_span
phase_transfer,0,25,final_prompt,0.5,0.5,0.5,64,response_first,final_prompt
phase_transfer,1,25,final_prompt,0.5,0.5,0.5,48,response_first,final_prompt
phase_transfer,2,25,final_prompt,0.5,0.5,0.5,48,response_first,final_prompt
phase_transfer,3,25,final_prompt,0.5,0.5,0.9835069444444444,48,response_first,final_prompt
phase_transfer,4,25,final_prompt,0.5,0.5,0.5,48,response_first,final_prompt
phase_transfer,0,25,response_first,0.984375,0.984375,1.0,64,response_first,response_first
phase_transfer,1,25,response_first,0.9791666666666666,0.9791666666666667,1.0,48,response_first,response_first
phase_transfer,2,25,response_first,1.0,1.0,1.0,48,response_first,response_first
phase_transfer,3,25,response_first,0.9791666666666666,0.9791666666666667,1.0,48,response_first,response_first
phase_transfer,4,25,response_first,0.9791666666666666,0.9791666666666667,1.0,48,response_first,response_first
phase_transfer,0,25,response_mean,0.890625,0.890625,1.0,64,response_first,response_mean
phase_transfer,1,25,response_mean,0.6458333333333334,0.6458333333333334,0.998263888888889,48,response_first,response_mean
phase_transfer,2,25,response_mean,0.7708333333333334,0.7708333333333333,1.0,48,response_first,response_mean
phase_transfer,3,25,response_mean,0.9583333333333334,0.9583333333333333,1.0,48,response_first,response_mean
phase_transfer,4,25,response_mean,0.9791666666666666,0.9791666666666667,1.0,48,response_first,response_mean
phase_transfer,0,25,pre_selector,0.5,0.5,0.5,64,response_mean,pre_selector
phase_transfer,1,25,pre_selector,0.5,0.5,0.5,48,response_mean,pre_selector
phase_transfer,2,25,pre_selector,0.5,0.5,0.5,48,response_mean,pre_selector
phase_transfer,3,25,pre_selector,0.5,0.5,0.5,48,response_mean,pre_selector
phase_transfer,4,25,pre_selector,0.5,0.5,0.5,48,response_mean,pre_selector
phase_transfer,0,25,post_selector,0.953125,0.953125,1.0,64,response_mean,post_selector
phase_transfer,1,25,post_selector,0.9166666666666666,0.9166666666666667,1.0,48,response_mean,post_selector
phase_transfer,2,25,post_selector,0.9791666666666666,0.9791666666666667,1.0,48,response_mean,post_selector
phase_transfer,3,25,post_selector,0.7291666666666666,0.7291666666666666,1.0,48,response_mean,post_selector
phase_transfer,4,25,post_selector,0.9583333333333334,0.9583333333333333,1.0,48,response_mean,post_selector
phase_transfer,0,25,public_task_span,0.5,0.5,0.8056640625,64,response_mean,public_task_span
phase_transfer,1,25,public_task_span,0.5,0.5,0.7803819444444444,48,response_mean,public_task_span
phase_transfer,2,25,public_task_span,0.5,0.5,0.7204861111111112,48,response_mean,public_task_span
phase_transfer,3,25,public_task_span,0.5,0.5,0.7013888888888888,48,response_mean,public_task_span
phase_transfer,4,25,public_task_span,0.5,0.5,0.7526041666666666,48,response_mean,public_task_span
phase_transfer,0,25,final_prompt,0.5,0.5,1.0,64,response_mean,final_prompt
phase_transfer,1,25,final_prompt,0.5,0.5,0.9965277777777777,48,response_mean,final_prompt
phase_transfer,2,25,final_prompt,0.5,0.5,1.0,48,response_mean,final_prompt
phase_transfer,3,25,final_prompt,0.5,0.5,0.998263888888889,48,response_mean,final_prompt
phase_transfer,4,25,final_prompt,0.5,0.5,0.9791666666666666,48,response_mean,final_prompt
phase_transfer,0,25,response_first,0.8125,0.8125,1.0,64,response_mean,response_first
phase_transfer,1,25,response_first,0.8958333333333334,0.8958333333333333,0.9965277777777778,48,response_mean,response_first
phase_transfer,2,25,response_first,0.7916666666666666,0.7916666666666667,1.0,48,response_mean,response_first
phase_transfer,3,25,response_first,0.7291666666666666,0.7291666666666666,0.9913194444444444,48,response_mean,response_first
phase_transfer,4,25,response_first,0.8541666666666666,0.8541666666666667,0.9913194444444444,48,response_mean,response_first
phase_transfer,0,25,response_mean,1.0,1.0,1.0,64,response_mean,response_mean
phase_transfer,1,25,response_mean,1.0,1.0,1.0,48,response_mean,response_mean
phase_transfer,2,25,response_mean,1.0,1.0,1.0,48,response_mean,response_mean
phase_transfer,3,25,response_mean,1.0,1.0,1.0,48,response_mean,response_mean
phase_transfer,4,25,response_mean,1.0,1.0,1.0,48,response_mean,response_mean
phase_transfer,0,24,pre_selector,0.5,0.5,0.5,64,pre_selector,pre_selector
phase_transfer,1,24,pre_selector,0.5,0.5,0.5,48,pre_selector,pre_selector
phase_transfer,2,24,pre_selector,0.5,0.5,0.5,48,pre_selector,pre_selector
phase_transfer,3,24,pre_selector,0.5,0.5,0.5,48,pre_selector,pre_selector
phase_transfer,4,24,pre_selector,0.5,0.5,0.5,48,pre_selector,pre_selector
phase_transfer,0,24,post_selector,0.5,0.5,0.5,64,pre_selector,post_selector
phase_transfer,1,24,post_selector,0.5,0.5,0.5,48,pre_selector,post_selector
phase_transfer,2,24,post_selector,0.5,0.5,0.5,48,pre_selector,post_selector
phase_transfer,3,24,post_selector,0.5,0.5,0.5,48,pre_selector,post_selector
phase_transfer,4,24,post_selector,0.5,0.5,0.5,48,pre_selector,post_selector
phase_transfer,0,24,public_task_span,0.5,0.5,0.5,64,pre_selector,public_task_span
phase_transfer,1,24,public_task_span,0.5,0.5,0.5,48,pre_selector,public_task_span
phase_transfer,2,24,public_task_span,0.5,0.5,0.5,48,pre_selector,public_task_span
phase_transfer,3,24,public_task_span,0.5,0.5,0.5,48,pre_selector,public_task_span
phase_transfer,4,24,public_task_span,0.5,0.5,0.5,48,pre_selector,public_task_span
phase_transfer,0,24,final_prompt,0.5,0.5,0.5,64,pre_selector,final_prompt
phase_transfer,1,24,final_prompt,0.5,0.5,0.5,48,pre_selector,final_prompt
phase_transfer,2,24,final_prompt,0.5,0.5,0.5,48,pre_selector,final_prompt
phase_transfer,3,24,final_prompt,0.5,0.5,0.5,48,pre_selector,final_prompt
phase_transfer,4,24,final_prompt,0.5,0.5,0.5,48,pre_selector,final_prompt
phase_transfer,0,24,response_first,0.5,0.5,0.5,64,pre_selector,response_first
phase_transfer,1,24,response_first,0.5,0.5,0.5,48,pre_selector,response_first
phase_transfer,2,24,response_first,0.5,0.5,0.5,48,pre_selector,response_first
phase_transfer,3,24,response_first,0.5,0.5,0.5,48,pre_selector,response_first
phase_transfer,4,24,response_first,0.5,0.5,0.5,48,pre_selector,response_first
phase_transfer,0,24,response_mean,0.5,0.5,0.5,64,pre_selector,response_mean
phase_transfer,1,24,response_mean,0.5,0.5,0.5,48,pre_selector,response_mean
phase_transfer,2,24,response_mean,0.5,0.5,0.5,48,pre_selector,response_mean
phase_transfer,3,24,response_mean,0.5,0.5,0.5,48,pre_selector,response_mean
phase_transfer,4,24,response_mean,0.5,0.5,0.5,48,pre_selector,response_mean
phase_transfer,0,24,pre_selector,0.5,0.5,0.5,64,post_selector,pre_selector
phase_transfer,1,24,pre_selector,0.5,0.5,0.5,48,post_selector,pre_selector
phase_transfer,2,24,pre_selector,0.5,0.5,0.5,48,post_selector,pre_selector
phase_transfer,3,24,pre_selector,0.5,0.5,0.5,48,post_selector,pre_selector
phase_transfer,4,24,pre_selector,0.5,0.5,0.5,48,post_selector,pre_selector
phase_transfer,0,24,post_selector,1.0,1.0,1.0,64,post_selector,post_selector
phase_transfer,1,24,post_selector,1.0,1.0,1.0,48,post_selector,post_selector
phase_transfer,2,24,post_selector,1.0,1.0,1.0,48,post_selector,post_selector
phase_transfer,3,24,post_selector,1.0,1.0,1.0,48,post_selector,post_selector
phase_transfer,4,24,post_selector,1.0,1.0,1.0,48,post_selector,post_selector
phase_transfer,0,24,public_task_span,0.5,0.5,0.7861328125,64,post_selector,public_task_span
phase_transfer,1,24,public_task_span,0.5,0.5,0.7934027777777778,48,post_selector,public_task_span
phase_transfer,2,24,public_task_span,0.5,0.5,0.7465277777777777,48,post_selector,public_task_span
phase_transfer,3,24,public_task_span,0.5,0.5,0.720486111111111,48,post_selector,public_task_span
phase_transfer,4,24,public_task_span,0.5,0.5,0.7152777777777778,48,post_selector,public_task_span
phase_transfer,0,24,final_prompt,0.5,0.5,0.9013671875,64,post_selector,final_prompt
phase_transfer,1,24,final_prompt,0.5,0.5,0.9236111111111112,48,post_selector,final_prompt
phase_transfer,2,24,final_prompt,0.5,0.5,0.935763888888889,48,post_selector,final_prompt
phase_transfer,3,24,final_prompt,0.5,0.5,0.8472222222222222,48,post_selector,final_prompt
phase_transfer,4,24,final_prompt,0.5,0.5,0.8993055555555556,48,post_selector,final_prompt
phase_transfer,0,24,response_first,0.5,0.5,0.8271484375,64,post_selector,response_first
phase_transfer,1,24,response_first,0.5,0.5,0.8541666666666667,48,post_selector,response_first
phase_transfer,2,24,response_first,0.5,0.5,0.7708333333333333,48,post_selector,response_first
phase_transfer,3,24,response_first,0.5,0.5,0.810763888888889,48,post_selector,response_first
phase_transfer,4,24,response_first,0.5,0.5,0.7222222222222222,48,post_selector,response_first
phase_transfer,0,24,response_mean,0.5,0.5,0.9580078125,64,post_selector,response_mean
phase_transfer,1,24,response_mean,0.5208333333333334,0.5208333333333334,0.9652777777777778,48,post_selector,response_mean
phase_transfer,2,24,response_mean,0.5,0.5,0.90625,48,post_selector,response_mean
phase_transfer,3,24,response_mean,0.5,0.5,0.9253472222222222,48,post_selector,response_mean
phase_transfer,4,24,response_mean,0.5,0.5,0.8680555555555555,48,post_selector,response_mean
phase_transfer,0,24,pre_selector,0.5,0.5,0.5,64,public_task_span,pre_selector
phase_transfer,1,24,pre_selector,0.5,0.5,0.5,48,public_task_span,pre_selector
phase_transfer,2,24,pre_selector,0.5,0.5,0.5,48,public_task_span,pre_selector
phase_transfer,3,24,pre_selector,0.5,0.5,0.5,48,public_task_span,pre_selector
phase_transfer,4,24,pre_selector,0.5,0.5,0.5,48,public_task_span,pre_selector
phase_transfer,0,24,post_selector,0.6875,0.6875,1.0,64,public_task_span,post_selector
phase_transfer,1,24,post_selector,0.6458333333333334,0.6458333333333334,0.9930555555555555,48,public_task_span,post_selector
phase_transfer,2,24,post_selector,0.7708333333333334,0.7708333333333333,0.9756944444444444,48,public_task_span,post_selector
phase_transfer,3,24,post_selector,0.875,0.875,0.9930555555555556,48,public_task_span,post_selector
phase_transfer,4,24,post_selector,0.9166666666666666,0.9166666666666667,0.9826388888888888,48,public_task_span,post_selector
phase_transfer,0,24,public_task_span,0.984375,0.984375,1.0,64,public_task_span,public_task_span
phase_transfer,1,24,public_task_span,0.875,0.875,0.9670138888888888,48,public_task_span,public_task_span
phase_transfer,2,24,public_task_span,0.9375,0.9375,1.0,48,public_task_span,public_task_span
phase_transfer,3,24,public_task_span,0.9166666666666666,0.9166666666666667,0.9965277777777778,48,public_task_span,public_task_span
phase_transfer,4,24,public_task_span,0.9583333333333334,0.9583333333333333,1.0,48,public_task_span,public_task_span
phase_transfer,0,24,final_prompt,0.5,0.5,0.845703125,64,public_task_span,final_prompt
phase_transfer,1,24,final_prompt,0.5,0.5,0.8819444444444444,48,public_task_span,final_prompt
phase_transfer,2,24,final_prompt,0.5,0.5,0.9253472222222222,48,public_task_span,final_prompt
phase_transfer,3,24,final_prompt,0.5,0.5,0.810763888888889,48,public_task_span,final_prompt
phase_transfer,4,24,final_prompt,0.5,0.5,0.795138888888889,48,public_task_span,final_prompt
phase_transfer,0,24,response_first,0.5,0.5,0.8046875,64,public_task_span,response_first
phase_transfer,1,24,response_first,0.5,0.5,0.9340277777777777,48,public_task_span,response_first
phase_transfer,2,24,response_first,0.5,0.5,0.8333333333333334,48,public_task_span,response_first
phase_transfer,3,24,response_first,0.5,0.5,0.8038194444444444,48,public_task_span,response_first
phase_transfer,4,24,response_first,0.5,0.5,0.9027777777777778,48,public_task_span,response_first
phase_transfer,0,24,response_mean,0.5,0.5,0.96875,64,public_task_span,response_mean
phase_transfer,1,24,response_mean,0.5,0.5,0.9670138888888888,48,public_task_span,response_mean
phase_transfer,2,24,response_mean,0.5,0.5,0.967013888888889,48,public_task_span,response_mean
phase_transfer,3,24,response_mean,0.5,0.5,0.9131944444444445,48,public_task_span,response_mean
phase_transfer,4,24,response_mean,0.5,0.5,0.8958333333333334,48,public_task_span,response_mean
phase_transfer,0,24,pre_selector,0.5,0.5,0.5,64,final_prompt,pre_selector
phase_transfer,1,24,pre_selector,0.5,0.5,0.5,48,final_prompt,pre_selector
phase_transfer,2,24,pre_selector,0.5,0.5,0.5,48,final_prompt,pre_selector
phase_transfer,3,24,pre_selector,0.5,0.5,0.5,48,final_prompt,pre_selector
phase_transfer,4,24,pre_selector,0.5,0.5,0.5,48,final_prompt,pre_selector
phase_transfer,0,24,post_selector,0.71875,0.71875,1.0,64,final_prompt,post_selector
phase_transfer,1,24,post_selector,0.9791666666666666,0.9791666666666667,1.0,48,final_prompt,post_selector
phase_transfer,2,24,post_selector,0.5833333333333334,0.5833333333333334,1.0,48,final_prompt,post_selector
phase_transfer,3,24,post_selector,0.5,0.5,1.0,48,final_prompt,post_selector
phase_transfer,4,24,post_selector,0.6458333333333334,0.6458333333333334,1.0,48,final_prompt,post_selector
phase_transfer,0,24,public_task_span,0.53125,0.53125,0.740234375,64,final_prompt,public_task_span
phase_transfer,1,24,public_task_span,0.5,0.5,0.6475694444444444,48,final_prompt,public_task_span
phase_transfer,2,24,public_task_span,0.5,0.5,0.6302083333333333,48,final_prompt,public_task_span
phase_transfer,3,24,public_task_span,0.5,0.5,0.6440972222222222,48,final_prompt,public_task_span
phase_transfer,4,24,public_task_span,0.5,0.5,0.6840277777777778,48,final_prompt,public_task_span
phase_transfer,0,24,final_prompt,1.0,1.0,1.0,64,final_prompt,final_prompt
phase_transfer,1,24,final_prompt,1.0,1.0,1.0,48,final_prompt,final_prompt
phase_transfer,2,24,final_prompt,1.0,1.0,1.0,48,final_prompt,final_prompt
phase_transfer,3,24,final_prompt,0.9791666666666666,0.9791666666666667,1.0,48,final_prompt,final_prompt
phase_transfer,4,24,final_prompt,0.9791666666666666,0.9791666666666667,1.0,48,final_prompt,final_prompt
phase_transfer,0,24,response_first,0.5,0.5,0.994140625,64,final_prompt,response_first
phase_transfer,1,24,response_first,0.625,0.625,0.9895833333333333,48,final_prompt,response_first
phase_transfer,2,24,response_first,0.5,0.5,0.9791666666666666,48,final_prompt,response_first
phase_transfer,3,24,response_first,0.5,0.5,0.888888888888889,48,final_prompt,response_first
phase_transfer,4,24,response_first,0.5,0.5,1.0,48,final_prompt,response_first
phase_transfer,0,24,response_mean,0.59375,0.59375,1.0,64,final_prompt,response_mean
phase_transfer,1,24,response_mean,0.9583333333333334,0.9583333333333333,1.0,48,final_prompt,response_mean
phase_transfer,2,24,response_mean,0.5,0.5,1.0,48,final_prompt,response_mean
phase_transfer,3,24,response_mean,0.5,0.5,0.9739583333333333,48,final_prompt,response_mean
phase_transfer,4,24,response_mean,0.5,0.5,0.998263888888889,48,final_prompt,response_mean
phase_transfer,0,24,pre_selector,0.5,0.5,0.5,64,response_first,pre_selector
phase_transfer,1,24,pre_selector,0.5,0.5,0.5,48,response_first,pre_selector
phase_transfer,2,24,pre_selector,0.5,0.5,0.5,48,response_first,pre_selector
phase_transfer,3,24,pre_selector,0.5,0.5,0.5,48,response_first,pre_selector
phase_transfer,4,24,pre_selector,0.5,0.5,0.49999999999999994,48,response_first,pre_selector
phase_transfer,0,24,post_selector,0.5,0.5,0.765625,64,response_first,post_selector
phase_transfer,1,24,post_selector,0.5,0.5,0.7291666666666667,48,response_first,post_selector
phase_transfer,2,24,post_selector,0.5,0.5,0.7708333333333334,48,response_first,post_selector
phase_transfer,3,24,post_selector,0.7083333333333334,0.7083333333333334,0.9496527777777778,48,response_first,post_selector
phase_transfer,4,24,post_selector,0.5416666666666666,0.5416666666666666,0.9826388888888888,48,response_first,post_selector
phase_transfer,0,24,public_task_span,0.5,0.5,0.68505859375,64,response_first,public_task_span
phase_transfer,1,24,public_task_span,0.5,0.5,0.5451388888888888,48,response_first,public_task_span
phase_transfer,2,24,public_task_span,0.5,0.5,0.6493055555555556,48,response_first,public_task_span
phase_transfer,3,24,public_task_span,0.625,0.625,0.6753472222222222,48,response_first,public_task_span
phase_transfer,4,24,public_task_span,0.5,0.5,0.7100694444444444,48,response_first,public_task_span
phase_transfer,0,24,final_prompt,0.5,0.5,0.5,64,response_first,final_prompt
phase_transfer,1,24,final_prompt,0.5,0.5,0.5,48,response_first,final_prompt
phase_transfer,2,24,final_prompt,0.5,0.5,0.5,48,response_first,final_prompt
phase_transfer,3,24,final_prompt,0.5,0.5,0.5208333333333333,48,response_first,final_prompt
phase_transfer,4,24,final_prompt,0.5,0.5,0.5,48,response_first,final_prompt
phase_transfer,0,24,response_first,0.984375,0.984375,1.0,64,response_first,response_first
phase_transfer,1,24,response_first,1.0,1.0,1.0,48,response_first,response_first
phase_transfer,2,24,response_first,1.0,1.0,1.0,48,response_first,response_first
phase_transfer,3,24,response_first,1.0,1.0,1.0,48,response_first,response_first
phase_transfer,4,24,response_first,0.9791666666666666,0.9791666666666667,0.998263888888889,48,response_first,response_first
phase_transfer,0,24,response_mean,0.953125,0.953125,1.0,64,response_first,response_mean
phase_transfer,1,24,response_mean,0.8125,0.8125,0.998263888888889,48,response_first,response_mean
phase_transfer,2,24,response_mean,0.9166666666666666,0.9166666666666667,1.0,48,response_first,response_mean
phase_transfer,3,24,response_mean,0.9583333333333334,0.9583333333333333,1.0,48,response_first,response_mean
phase_transfer,4,24,response_mean,0.9791666666666666,0.9791666666666667,0.998263888888889,48,response_first,response_mean
phase_transfer,0,24,pre_selector,0.5,0.5,0.5,64,response_mean,pre_selector
phase_transfer,1,24,pre_selector,0.5,0.5,0.5,48,response_mean,pre_selector
phase_transfer,2,24,pre_selector,0.5,0.5,0.5,48,response_mean,pre_selector
phase_transfer,3,24,pre_selector,0.5,0.5,0.5,48,response_mean,pre_selector
phase_transfer,4,24,pre_selector,0.5,0.5,0.5,48,response_mean,pre_selector
phase_transfer,0,24,post_selector,0.875,0.875,1.0,64,response_mean,post_selector
phase_transfer,1,24,post_selector,0.8958333333333334,0.8958333333333333,1.0,48,response_mean,post_selector
phase_transfer,2,24,post_selector,0.9791666666666666,0.9791666666666667,1.0,48,response_mean,post_selector
phase_transfer,3,24,post_selector,0.7291666666666666,0.7291666666666666,1.0,48,response_mean,post_selector
phase_transfer,4,24,post_selector,0.9375,0.9375,1.0,48,response_mean,post_selector
phase_transfer,0,24,public_task_span,0.5,0.5,0.75,64,response_mean,public_task_span
phase_transfer,1,24,public_task_span,0.5,0.5,0.7447916666666667,48,response_mean,public_task_span
phase_transfer,2,24,public_task_span,0.5,0.5,0.6901041666666667,48,response_mean,public_task_span
phase_transfer,3,24,public_task_span,0.5,0.5,0.7309027777777778,48,response_mean,public_task_span
phase_transfer,4,24,public_task_span,0.5,0.5,0.7222222222222222,48,response_mean,public_task_span
phase_transfer,0,24,final_prompt,0.5,0.5,1.0,64,response_mean,final_prompt
phase_transfer,1,24,final_prompt,0.5,0.5,0.9982638888888888,48,response_mean,final_prompt
phase_transfer,2,24,final_prompt,0.5,0.5,1.0,48,response_mean,final_prompt
phase_transfer,3,24,final_prompt,0.5,0.5,0.998263888888889,48,response_mean,final_prompt
phase_transfer,4,24,final_prompt,0.5,0.5,1.0,48,response_mean,final_prompt
phase_transfer,0,24,response_first,0.796875,0.796875,0.9951171875,64,response_mean,response_first
phase_transfer,1,24,response_first,0.8333333333333334,0.8333333333333333,0.9965277777777778,48,response_mean,response_first
phase_transfer,2,24,response_first,0.75,0.75,1.0,48,response_mean,response_first
phase_transfer,3,24,response_first,0.6875,0.6875,0.9739583333333334,48,response_mean,response_first
phase_transfer,4,24,response_first,0.6875,0.6875,0.9913194444444444,48,response_mean,response_first
phase_transfer,0,24,response_mean,1.0,1.0,1.0,64,response_mean,response_mean
phase_transfer,1,24,response_mean,1.0,1.0,1.0,48,response_mean,response_mean
phase_transfer,2,24,response_mean,1.0,1.0,1.0,48,response_mean,response_mean
phase_transfer,3,24,response_mean,1.0,1.0,1.0,48,response_mean,response_mean
phase_transfer,4,24,response_mean,1.0,1.0,1.0,48,response_mean,response_mean
phase_transfer,0,20,pre_selector,0.5,0.5,0.5,64,pre_selector,pre_selector
phase_transfer,1,20,pre_selector,0.5,0.5,0.5,48,pre_selector,pre_selector
phase_transfer,2,20,pre_selector,0.5,0.5,0.5,48,pre_selector,pre_selector
phase_transfer,3,20,pre_selector,0.5,0.5,0.5,48,pre_selector,pre_selector
phase_transfer,4,20,pre_selector,0.5,0.5,0.5,48,pre_selector,pre_selector
phase_transfer,0,20,post_selector,0.5,0.5,0.5,64,pre_selector,post_selector
phase_transfer,1,20,post_selector,0.5,0.5,0.5,48,pre_selector,post_selector
phase_transfer,2,20,post_selector,0.5,0.5,0.5,48,pre_selector,post_selector
phase_transfer,3,20,post_selector,0.5,0.5,0.5,48,pre_selector,post_selector
phase_transfer,4,20,post_selector,0.5,0.5,0.5,48,pre_selector,post_selector
phase_transfer,0,20,public_task_span,0.5,0.5,0.5,64,pre_selector,public_task_span
phase_transfer,1,20,public_task_span,0.5,0.5,0.5,48,pre_selector,public_task_span
phase_transfer,2,20,public_task_span,0.5,0.5,0.5,48,pre_selector,public_task_span
phase_transfer,3,20,public_task_span,0.5,0.5,0.5,48,pre_selector,public_task_span
phase_transfer,4,20,public_task_span,0.5,0.5,0.5,48,pre_selector,public_task_span
phase_transfer,0,20,final_prompt,0.5,0.5,0.5,64,pre_selector,final_prompt
phase_transfer,1,20,final_prompt,0.5,0.5,0.5,48,pre_selector,final_prompt
phase_transfer,2,20,final_prompt,0.5,0.5,0.5,48,pre_selector,final_prompt
phase_transfer,3,20,final_prompt,0.5,0.5,0.5,48,pre_selector,final_prompt
phase_transfer,4,20,final_prompt,0.5,0.5,0.5,48,pre_selector,final_prompt
phase_transfer,0,20,response_first,0.5,0.5,0.5,64,pre_selector,response_first
phase_transfer,1,20,response_first,0.5,0.5,0.5,48,pre_selector,response_first
phase_transfer,2,20,response_first,0.5,0.5,0.5,48,pre_selector,response_first
phase_transfer,3,20,response_first,0.5,0.5,0.5,48,pre_selector,response_first
phase_transfer,4,20,response_first,0.5,0.5,0.5,48,pre_selector,response_first
phase_transfer,0,20,response_mean,0.5,0.5,0.5,64,pre_selector,response_mean
phase_transfer,1,20,response_mean,0.5,0.5,0.5,48,pre_selector,response_mean
phase_transfer,2,20,response_mean,0.5,0.5,0.5,48,pre_selector,response_mean
phase_transfer,3,20,response_mean,0.5,0.5,0.5,48,pre_selector,response_mean
phase_transfer,4,20,response_mean,0.5,0.5,0.5,48,pre_selector,response_mean
phase_transfer,0,20,pre_selector,0.5,0.5,0.5,64,post_selector,pre_selector
phase_transfer,1,20,pre_selector,0.5,0.5,0.5,48,post_selector,pre_selector
phase_transfer,2,20,pre_selector,0.5,0.5,0.5,48,post_selector,pre_selector
phase_transfer,3,20,pre_selector,0.5,0.5,0.5,48,post_selector,pre_selector
phase_transfer,4,20,pre_selector,0.5,0.5,0.5,48,post_selector,pre_selector
phase_transfer,0,20,post_selector,1.0,1.0,1.0,64,post_selector,post_selector
phase_transfer,1,20,post_selector,1.0,1.0,1.0,48,post_selector,post_selector
phase_transfer,2,20,post_selector,1.0,1.0,1.0,48,post_selector,post_selector
phase_transfer,3,20,post_selector,1.0,1.0,1.0,48,post_selector,post_selector
phase_transfer,4,20,post_selector,1.0,1.0,1.0,48,post_selector,post_selector
phase_transfer,0,20,public_task_span,0.5,0.5,0.689453125,64,post_selector,public_task_span
phase_transfer,1,20,public_task_span,0.5,0.5,0.701388888888889,48,post_selector,public_task_span
phase_transfer,2,20,public_task_span,0.5,0.5,0.6493055555555556,48,post_selector,public_task_span
phase_transfer,3,20,public_task_span,0.5625,0.5625,0.6041666666666667,48,post_selector,public_task_span
phase_transfer,4,20,public_task_span,0.5416666666666666,0.5416666666666666,0.5989583333333334,48,post_selector,public_task_span
phase_transfer,0,20,final_prompt,0.5,0.5,0.802734375,64,post_selector,final_prompt
phase_transfer,1,20,final_prompt,0.5,0.5,0.8663194444444444,48,post_selector,final_prompt
phase_transfer,2,20,final_prompt,0.5,0.5,0.8229166666666667,48,post_selector,final_prompt
phase_transfer,3,20,final_prompt,0.5,0.5,0.8975694444444444,48,post_selector,final_prompt
phase_transfer,4,20,final_prompt,0.5,0.5,0.890625,48,post_selector,final_prompt
phase_transfer,0,20,response_first,0.5,0.5,0.646484375,64,post_selector,response_first
phase_transfer,1,20,response_first,0.5,0.5,0.6892361111111112,48,post_selector,response_first
phase_transfer,2,20,response_first,0.5,0.5,0.6336805555555556,48,post_selector,response_first
phase_transfer,3,20,response_first,0.5,0.5,0.6527777777777778,48,post_selector,response_first
phase_transfer,4,20,response_first,0.5,0.5,0.6753472222222222,48,post_selector,response_first
phase_transfer,0,20,response_mean,0.5,0.5,0.953125,64,post_selector,response_mean
phase_transfer,1,20,response_mean,0.5,0.5,0.9739583333333333,48,post_selector,response_mean
phase_transfer,2,20,response_mean,0.5,0.5,0.8142361111111112,48,post_selector,response_mean
phase_transfer,3,20,response_mean,0.5,0.5,0.9756944444444444,48,post_selector,response_mean
phase_transfer,4,20,response_mean,0.5,0.5,0.9131944444444445,48,post_selector,response_mean
phase_transfer,0,20,pre_selector,0.5,0.5,0.5,64,public_task_span,pre_selector
phase_transfer,1,20,pre_selector,0.5,0.5,0.5,48,public_task_span,pre_selector
phase_transfer,2,20,pre_selector,0.5,0.5,0.5,48,public_task_span,pre_selector
phase_transfer,3,20,pre_selector,0.5,0.5,0.5,48,public_task_span,pre_selector
phase_transfer,4,20,pre_selector,0.5,0.5,0.5,48,public_task_span,pre_selector
phase_transfer,0,20,post_selector,0.625,0.625,0.6875,64,public_task_span,post_selector
phase_transfer,1,20,post_selector,0.5833333333333334,0.5833333333333334,0.7369791666666666,48,public_task_span,post_selector
phase_transfer,2,20,post_selector,0.625,0.625,0.7013888888888888,48,public_task_span,post_selector
phase_transfer,3,20,post_selector,0.7291666666666666,0.7291666666666666,0.8350694444444444,48,public_task_span,post_selector
phase_transfer,4,20,post_selector,0.75,0.75,0.8177083333333335,48,public_task_span,post_selector
phase_transfer,0,20,public_task_span,1.0,1.0,1.0,64,public_task_span,public_task_span
phase_transfer,1,20,public_task_span,0.9166666666666666,0.9166666666666667,0.9965277777777778,48,public_task_span,public_task_span
phase_transfer,2,20,public_task_span,0.9375,0.9375,1.0,48,public_task_span,public_task_span
phase_transfer,3,20,public_task_span,0.8958333333333334,0.8958333333333333,0.9913194444444444,48,public_task_span,public_task_span
phase_transfer,4,20,public_task_span,0.9791666666666666,0.9791666666666667,1.0,48,public_task_span,public_task_span
phase_transfer,0,20,final_prompt,0.5,0.5,0.994140625,64,public_task_span,final_prompt
phase_transfer,1,20,final_prompt,0.5,0.5,0.9930555555555555,48,public_task_span,final_prompt
phase_transfer,2,20,final_prompt,0.5,0.5,0.998263888888889,48,public_task_span,final_prompt
phase_transfer,3,20,final_prompt,0.8541666666666666,0.8541666666666667,0.9809027777777777,48,public_task_span,final_prompt
phase_transfer,4,20,final_prompt,0.6875,0.6875,1.0,48,public_task_span,final_prompt
phase_transfer,0,20,response_first,0.5,0.5,0.953125,64,public_task_span,response_first
phase_transfer,1,20,response_first,0.5208333333333334,0.5208333333333334,0.9704861111111112,48,public_task_span,response_first
phase_transfer,2,20,response_first,0.5,0.5,0.9618055555555556,48,public_task_span,response_first
phase_transfer,3,20,response_first,0.6041666666666666,0.6041666666666666,0.90625,48,public_task_span,response_first
phase_transfer,4,20,response_first,0.6041666666666666,0.6041666666666666,0.9479166666666666,48,public_task_span,response_first
phase_transfer,0,20,response_mean,0.515625,0.515625,1.0,64,public_task_span,response_mean
phase_transfer,1,20,response_mean,0.5208333333333334,0.5208333333333334,0.9930555555555556,48,public_task_span,response_mean
phase_transfer,2,20,response_mean,0.5,0.5,0.9635416666666667,48,public_task_span,response_mean
phase_transfer,3,20,response_mean,0.8958333333333334,0.8958333333333333,0.935763888888889,48,public_task_span,response_mean
phase_transfer,4,20,response_mean,0.7083333333333334,0.7083333333333334,0.9809027777777777,48,public_task_span,response_mean
phase_transfer,0,20,pre_selector,0.5,0.5,0.5,64,final_prompt,pre_selector
phase_transfer,1,20,pre_selector,0.5,0.5,0.49999999999999994,48,final_prompt,pre_selector
phase_transfer,2,20,pre_selector,0.5,0.5,0.5,48,final_prompt,pre_selector
phase_transfer,3,20,pre_selector,0.5,0.5,0.5,48,final_prompt,pre_selector
phase_transfer,4,20,pre_selector,0.5,0.5,0.5,48,final_prompt,pre_selector
phase_transfer,0,20,post_selector,0.65625,0.65625,1.0,64,final_prompt,post_selector
phase_transfer,1,20,post_selector,0.5625,0.5625,1.0,48,final_prompt,post_selector
phase_transfer,2,20,post_selector,0.5833333333333334,0.5833333333333334,1.0,48,final_prompt,post_selector
phase_transfer,3,20,post_selector,0.9791666666666666,0.9791666666666667,1.0,48,final_prompt,post_selector
phase_transfer,4,20,post_selector,0.7291666666666666,0.7291666666666666,1.0,48,final_prompt,post_selector
phase_transfer,0,20,public_task_span,0.5,0.5,0.9248046875,64,final_prompt,public_task_span
phase_transfer,1,20,public_task_span,0.5,0.5,0.9513888888888888,48,final_prompt,public_task_span
phase_transfer,2,20,public_task_span,0.5,0.5,0.890625,48,final_prompt,public_task_span
phase_transfer,3,20,public_task_span,0.5,0.5,0.8663194444444444,48,final_prompt,public_task_span
phase_transfer,4,20,public_task_span,0.5,0.5,0.9305555555555556,48,final_prompt,public_task_span
phase_transfer,0,20,final_prompt,1.0,1.0,1.0,64,final_prompt,final_prompt
phase_transfer,1,20,final_prompt,1.0,1.0,1.0,48,final_prompt,final_prompt
phase_transfer,2,20,final_prompt,1.0,1.0,1.0,48,final_prompt,final_prompt
phase_transfer,3,20,final_prompt,0.9791666666666666,0.9791666666666667,1.0,48,final_prompt,final_prompt
phase_transfer,4,20,final_prompt,1.0,1.0,1.0,48,final_prompt,final_prompt
phase_transfer,0,20,response_first,0.515625,0.515625,1.0,64,final_prompt,response_first
phase_transfer,1,20,response_first,0.5,0.5,0.9930555555555555,48,final_prompt,response_first
phase_transfer,2,20,response_first,0.5,0.5,0.986111111111111,48,final_prompt,response_first
phase_transfer,3,20,response_first,0.5,0.5,0.9253472222222223,48,final_prompt,response_first
phase_transfer,4,20,response_first,0.5,0.5,0.9895833333333334,48,final_prompt,response_first
phase_transfer,0,20,response_mean,0.984375,0.984375,1.0,64,final_prompt,response_mean
phase_transfer,1,20,response_mean,0.8958333333333334,0.8958333333333333,1.0,48,final_prompt,response_mean
phase_transfer,2,20,response_mean,0.9375,0.9375,0.9809027777777778,48,final_prompt,response_mean
phase_transfer,3,20,response_mean,0.8125,0.8125,0.984375,48,final_prompt,response_mean
phase_transfer,4,20,response_mean,0.9375,0.9375,0.9895833333333333,48,final_prompt,response_mean
phase_transfer,0,20,pre_selector,0.5,0.5,0.5,64,response_first,pre_selector
phase_transfer,1,20,pre_selector,0.5,0.5,0.5,48,response_first,pre_selector
phase_transfer,2,20,pre_selector,0.5,0.5,0.5,48,response_first,pre_selector
phase_transfer,3,20,pre_selector,0.5,0.5,0.5,48,response_first,pre_selector
phase_transfer,4,20,pre_selector,0.5,0.5,0.5,48,response_first,pre_selector
phase_transfer,0,20,post_selector,0.90625,0.90625,0.982421875,64,response_first,post_selector
phase_transfer,1,20,post_selector,0.6666666666666666,0.6666666666666666,0.9809027777777778,48,response_first,post_selector
phase_transfer,2,20,post_selector,0.5,0.5,0.954861111111111,48,response_first,post_selector
phase_transfer,3,20,post_selector,0.75,0.75,0.9965277777777778,48,response_first,post_selector
phase_transfer,4,20,post_selector,0.6041666666666666,0.6041666666666666,0.9791666666666666,48,response_first,post_selector
phase_transfer,0,20,public_task_span,0.5,0.5,0.9189453125,64,response_first,public_task_span
phase_transfer,1,20,public_task_span,0.7708333333333334,0.7708333333333334,0.9288194444444444,48,response_first,public_task_span
phase_transfer,2,20,public_task_span,0.5,0.5,0.90625,48,response_first,public_task_span
phase_transfer,3,20,public_task_span,0.6666666666666666,0.6666666666666666,0.8472222222222223,48,response_first,public_task_span
phase_transfer,4,20,public_task_span,0.5,0.5,0.9218749999999999,48,response_first,public_task_span
phase_transfer,0,20,final_prompt,0.84375,0.84375,1.0,64,response_first,final_prompt
phase_transfer,1,20,final_prompt,0.8333333333333334,0.8333333333333333,0.998263888888889,48,response_first,final_prompt
phase_transfer,2,20,final_prompt,0.6875,0.6875,0.9930555555555555,48,response_first,final_prompt
phase_transfer,3,20,final_prompt,0.6875,0.6875,0.9652777777777777,48,response_first,final_prompt
phase_transfer,4,20,final_prompt,0.6666666666666666,0.6666666666666666,1.0,48,response_first,final_prompt
phase_transfer,0,20,response_first,0.984375,0.984375,1.0,64,response_first,response_first
phase_transfer,1,20,response_first,0.9583333333333334,0.9583333333333333,0.986111111111111,48,response_first,response_first
phase_transfer,2,20,response_first,1.0,1.0,1.0,48,response_first,response_first
phase_transfer,3,20,response_first,0.9375,0.9375,0.9913194444444444,48,response_first,response_first
phase_transfer,4,20,response_first,1.0,1.0,1.0,48,response_first,response_first
phase_transfer,0,20,response_mean,1.0,1.0,1.0,64,response_first,response_mean
phase_transfer,1,20,response_mean,0.9791666666666666,0.9791666666666667,0.9947916666666667,48,response_first,response_mean
phase_transfer,2,20,response_mean,0.9166666666666666,0.9166666666666667,1.0,48,response_first,response_mean
phase_transfer,3,20,response_mean,0.8541666666666666,0.8541666666666667,0.9809027777777778,48,response_first,response_mean
phase_transfer,4,20,response_mean,0.7708333333333334,0.7708333333333333,1.0,48,response_first,response_mean
phase_transfer,0,20,pre_selector,0.5,0.5,0.5,64,response_mean,pre_selector
phase_transfer,1,20,pre_selector,0.5,0.5,0.5,48,response_mean,pre_selector
phase_transfer,2,20,pre_selector,0.5,0.5,0.5,48,response_mean,pre_selector
phase_transfer,3,20,pre_selector,0.5,0.5,0.5,48,response_mean,pre_selector
phase_transfer,4,20,pre_selector,0.5,0.5,0.5,48,response_mean,pre_selector
phase_transfer,0,20,post_selector,1.0,1.0,1.0,64,response_mean,post_selector
phase_transfer,1,20,post_selector,1.0,1.0,1.0,48,response_mean,post_selector
phase_transfer,2,20,post_selector,1.0,1.0,1.0,48,response_mean,post_selector
phase_transfer,3,20,post_selector,1.0,1.0,1.0,48,response_mean,post_selector
phase_transfer,4,20,post_selector,1.0,1.0,1.0,48,response_mean,post_selector
phase_transfer,0,20,public_task_span,0.5,0.5,0.9306640625,64,response_mean,public_task_span
phase_transfer,1,20,public_task_span,0.5,0.5,0.9236111111111112,48,response_mean,public_task_span
phase_transfer,2,20,public_task_span,0.5,0.5,0.8802083333333333,48,response_mean,public_task_span
phase_transfer,3,20,public_task_span,0.5,0.5,0.8836805555555556,48,response_mean,public_task_span
phase_transfer,4,20,public_task_span,0.5,0.5,0.9305555555555556,48,response_mean,public_task_span
phase_transfer,0,20,final_prompt,0.921875,0.921875,1.0,64,response_mean,final_prompt
phase_transfer,1,20,final_prompt,0.9375,0.9375,0.9965277777777778,48,response_mean,final_prompt
phase_transfer,2,20,final_prompt,0.9375,0.9375,1.0,48,response_mean,final_prompt
phase_transfer,3,20,final_prompt,0.7708333333333334,0.7708333333333333,0.984375,48,response_mean,final_prompt
phase_transfer,4,20,final_prompt,0.75,0.75,0.9965277777777777,48,response_mean,final_prompt
phase_transfer,0,20,response_first,0.765625,0.765625,1.0,64,response_mean,response_first
phase_transfer,1,20,response_first,0.9375,0.9375,0.9965277777777778,48,response_mean,response_first
phase_transfer,2,20,response_first,0.875,0.875,0.9878472222222222,48,response_mean,response_first
phase_transfer,3,20,response_first,0.5,0.5,0.9774305555555556,48,response_mean,response_first
phase_transfer,4,20,response_first,0.5208333333333334,0.5208333333333334,1.0,48,response_mean,response_first
phase_transfer,0,20,response_mean,1.0,1.0,1.0,64,response_mean,response_mean
phase_transfer,1,20,response_mean,1.0,1.0,1.0,48,response_mean,response_mean
phase_transfer,2,20,response_mean,1.0,1.0,1.0,48,response_mean,response_mean
phase_transfer,3,20,response_mean,0.9583333333333334,0.9583333333333333,0.9965277777777777,48,response_mean,response_mean
phase_transfer,4,20,response_mean,1.0,1.0,1.0,48,response_mean,response_mean
