phase,layer,auroc_mean,auroc_std,bal_acc_mean
final_prompt,20,1.0,0.0,0.9833333333333334
post_selector,29,1.0,0.0,0.9833333333333334
post_selector,30,1.0,0.0,0.9833333333333334
post_selector,31,1.0,0.0,0.9833333333333334
post_selector,16,1.0,0.0,1.0
post_selector,17,1.0,0.0,1.0
post_selector,18,1.0,0.0,1.0
post_selector,32,1.0,0.0,0.9833333333333334
post_selector,20,1.0,0.0,1.0
post_selector,21,1.0,0.0,1.0
post_selector,22,1.0,0.0,1.0
post_selector,23,1.0,0.0,1.0
post_selector,24,1.0,0.0,1.0
post_selector,25,1.0,0.0,1.0
post_selector,26,1.0,0.0,1.0
post_selector,27,1.0,0.0,1.0
post_selector,28,1.0,0.0,0.9833333333333334
post_selector,19,1.0,0.0,1.0
response_first,30,1.0,0.0,0.9333333333333333
response_mean,24,1.0,0.0,0.9333333333333333
response_mean,26,1.0,0.0,0.9333333333333333
response_mean,25,1.0,0.0,0.9333333333333333
response_mean,23,1.0,0.0,0.9666666666666668
public_task_span,22,1.0,0.0,0.925
response_mean,20,1.0,0.0,0.9666666666666668
response_mean,21,1.0,0.0,0.9833333333333334
response_first,29,1.0,0.0,0.9333333333333333
response_mean,19,1.0,0.0,0.9833333333333334
response_first,33,1.0,0.0,0.9541666666666668
final_prompt,19,0.996875,0.006987712429686838,0.9375
public_task_span,20,0.9944444444444445,0.01242259987499878,0.8333333333333334
response_first,20,0.9944444444444445,0.01242259987499878,0.925
response_first,25,0.9944444444444445,0.012422599874998786,0.95
response_first,32,0.9944444444444445,0.01242259987499878,0.9333333333333333
response_first,26,0.9944444444444445,0.012422599874998786,0.9
response_mean,27,0.9944444444444445,0.012422599874998786,0.9333333333333333
response_mean,22,0.9944444444444445,0.012422599874998788,0.95
response_first,35,0.9944444444444445,0.01242259987499878,0.9333333333333333
response_first,34,0.9944444444444445,0.01242259987499878,0.95
response_first,28,0.9944444444444445,0.012422599874998786,0.9333333333333333
final_prompt,23,0.9944444444444445,0.012422599874998786,0.9333333333333332
final_prompt,21,0.9944444444444445,0.01242259987499878,0.9833333333333334
post_selector,13,0.990625,0.02096313728906053,0.9291666666666668
post_selector,14,0.990625,0.02096313728906053,0.9375
final_prompt,24,0.9888888888888889,0.01521451548625456,0.9333333333333332
post_selector,35,0.9888888888888889,0.024845199749997687,0.9666666666666668
post_selector,33,0.9888888888888889,0.024845199749997687,0.9833333333333334
response_mean,31,0.9888888888888889,0.024845199749997684,0.9166666666666666
response_first,24,0.9888888888888889,0.01521451548625456,0.9333333333333333
public_task_span,21,0.9888888888888889,0.024845199749997632,0.8333333333333334
response_first,21,0.9888888888888889,0.01521451548625456,0.9333333333333333
response_mean,30,0.9888888888888889,0.024845199749997684,0.9166666666666666
response_mean,32,0.9888888888888889,0.024845199749997684,0.9166666666666666
response_mean,33,0.9888888888888889,0.024845199749997684,0.9166666666666666
response_mean,34,0.9888888888888889,0.024845199749997684,0.9166666666666666
response_first,31,0.9888888888888889,0.024845199749997656,0.9333333333333333
response_mean,28,0.9888888888888889,0.024845199749997684,0.9333333333333333
response_mean,29,0.9888888888888889,0.024845199749997684,0.9166666666666666
response_first,23,0.9888888888888889,0.01521451548625456,0.9333333333333333
final_prompt,22,0.9888888888888889,0.01521451548625456,0.95
response_mean,35,0.9888888888888889,0.024845199749997684,0.9333333333333333
public_task_span,19,0.9857638888888889,0.024068787257810198,0.8833333333333334
post_selector,15,0.9857638888888889,0.024068787257810226,0.9375
post_selector,34,0.9833333333333334,0.037267799624996475,0.9833333333333334
response_first,27,0.9833333333333334,0.024845199749997653,0.9333333333333333
response_first,22,0.9833333333333334,0.024845199749997653,0.9333333333333333
response_mean,18,0.9802083333333333,0.03615948949522867,0.8916666666666666
post_selector,12,0.978125,0.048913987007807885,0.9291666666666668
final_prompt,32,0.9777777777777779,0.030429030972509246,0.9
final_prompt,29,0.9777777777777779,0.030429030972509246,0.8833333333333334
final_prompt,26,0.9777777777777779,0.030429030972509246,0.9333333333333332
final_prompt,25,0.9777777777777779,0.030429030972509246,0.9333333333333332
final_prompt,28,0.9777777777777779,0.030429030972509246,0.9333333333333332
final_prompt,31,0.9777777777777779,0.030429030972509246,0.8833333333333334
final_prompt,30,0.9777777777777779,0.030429030972509246,0.8833333333333334
final_prompt,27,0.9777777777777779,0.030429030972509246,0.9333333333333332
final_prompt,33,0.9722222222222221,0.03928371006591929,0.8708333333333333
public_task_span,23,0.9715277777777779,0.048137574515620445,0.9083333333333334
response_first,19,0.9708333333333334,0.040611643103370634,0.8958333333333334
final_prompt,34,0.9666666666666666,0.04969039949999531,0.9166666666666666
final_prompt,35,0.9666666666666666,0.04969039949999531,0.9041666666666666
final_prompt,18,0.9604166666666668,0.024503164950524077,0.8125
public_task_span,18,0.9423611111111111,0.05354432368389229,0.7791666666666667
public_task_span,28,0.9381944444444444,0.08159352828518138,0.7875
public_task_span,27,0.9381944444444444,0.08159352828518138,0.8208333333333334
public_task_span,26,0.9350694444444445,0.0728711829040774,0.8083333333333333
public_task_span,24,0.93125,0.06479207603776829,0.8
public_task_span,17,0.93125,0.06479207603776833,0.7666666666666666
public_task_span,25,0.9288194444444444,0.07227311908506473,0.7958333333333333
public_task_span,30,0.9270833333333334,0.07455177275549961,0.7916666666666666
public_task_span,29,0.9270833333333334,0.07455177275549961,0.8208333333333334
public_task_span,16,0.9256944444444445,0.08052262257846289,0.7833333333333333
public_task_span,34,0.9190972222222223,0.08322113395854247,0.775
public_task_span,32,0.9184027777777779,0.06617749497411778,0.7916666666666666
public_task_span,33,0.9159722222222223,0.08040275258631874,0.7958333333333333
public_task_span,31,0.9104166666666668,0.08129746951401823,0.775
public_task_span,35,0.896875,0.08027143982093458,0.8208333333333334
response_mean,17,0.8798611111111112,0.07364058634197669,0.7708333333333333
response_first,18,0.8774305555555555,0.054287836339116664,0.7791666666666667
public_task_span,15,0.873263888888889,0.112686851858547,0.7125
response_mean,16,0.8260416666666668,0.07780025096955619,0.675
final_prompt,17,0.8190972222222224,0.10428523344713503,0.7166666666666666
post_selector,11,0.8104166666666666,0.11077422887996387,0.725
public_task_span,14,0.8100694444444445,0.1132844095451252,0.6208333333333333
response_first,17,0.7909722222222222,0.04912918376617777,0.6416666666666667
response_mean,15,0.7649305555555556,0.08606979855771385,0.5583333333333333
response_first,16,0.7180555555555556,0.09259837944879602,0.65
final_prompt,16,0.6881944444444444,0.11662739087568212,0.6666666666666666
response_mean,14,0.65625,0.09034452660595618,0.5583333333333333
response_first,15,0.623263888888889,0.09804033266316318,0.5916666666666666
post_selector,3,0.6038194444444445,0.16782187897670436,0.5208333333333333
post_selector,5,0.58125,0.19573603769009243,0.5083333333333333
response_mean,13,0.5795138888888889,0.1503536372765353,0.5416666666666667
post_selector,10,0.5788194444444444,0.12928841708237696,0.4833333333333333
final_prompt,4,0.5625,0.10276839296492185,0.5291666666666666
response_first,12,0.559375,0.05008311956878024,0.5166666666666666
public_task_span,1,0.5538194444444444,0.13034714822705534,0.5
response_mean,7,0.5520833333333334,0.07324660801989233,0.5166666666666667
final_prompt,3,0.5496527777777778,0.09267971884664856,0.5291666666666667
response_first,13,0.5458333333333333,0.11236274205656047,0.5708333333333333
response_mean,12,0.5427083333333333,0.07483021548606789,0.5375
response_first,3,0.5402777777777777,0.08044772476430319,0.5
public_task_span,13,0.5364583333333334,0.047513653414597276,0.5
response_first,14,0.532986111111111,0.08385614358148141,0.5458333333333334
response_first,1,0.5322916666666666,0.05917567256707296,0.4833333333333333
final_prompt,1,0.5291666666666667,0.08844289152740542,0.5458333333333333
public_task_span,0,0.5288194444444445,0.09811408880123332,0.4833333333333333
response_first,2,0.5277777777777778,0.05555555555555563,0.4666666666666666
post_selector,4,0.521875,0.18400976064842017,0.4625
public_task_span,4,0.5204861111111111,0.08113789155497979,0.5041666666666667
final_prompt,5,0.5204861111111111,0.044200993386552076,0.5333333333333334
response_first,0,0.5190972222222222,0.08996004450021956,0.5333333333333334
post_selector,7,0.51875,0.20429535815626731,0.4583333333333333
public_task_span,8,0.5128472222222222,0.10372882518559019,0.5833333333333334
final_prompt,6,0.5125,0.0761359448536986,0.5166666666666667
public_task_span,6,0.5121527777777778,0.10931987146827199,0.5
post_selector,2,0.5114583333333333,0.1365448905574489,0.4583333333333333
response_first,4,0.5072916666666667,0.05810657812413579,0.5
final_prompt,0,0.5069444444444444,0.043368041655544455,0.5
public_task_span,11,0.5055555555555555,0.07453559924999302,0.4833333333333333
response_first,10,0.5055555555555555,0.05692750425533112,0.4958333333333333
post_selector,1,0.5024305555555556,0.17195214318162216,0.45
public_task_span,5,0.501736111111111,0.10094855388962944,0.5
pre_selector,10,0.5,0.0,0.5
pre_selector,7,0.5,0.0,0.5
pre_selector,6,0.5,0.0,0.5
pre_selector,5,0.5,0.0,0.5
pre_selector,4,0.5,0.0,0.5
pre_selector,9,0.5,0.0,0.5
pre_selector,8,0.5,0.0,0.5
pre_selector,13,0.5,0.0,0.5
pre_selector,12,0.5,0.0,0.5
pre_selector,31,0.5,0.0,0.5
pre_selector,30,0.5,0.0,0.5
pre_selector,18,0.5,0.0,0.5
pre_selector,17,0.5,0.0,0.5
pre_selector,27,0.5,0.0,0.5
pre_selector,26,0.5,0.0,0.5
pre_selector,25,0.5,0.0,0.5
pre_selector,16,0.5,0.0,0.5
pre_selector,24,0.5,0.0,0.5
pre_selector,35,0.5,0.0,0.5
pre_selector,34,0.5,0.0,0.5
pre_selector,19,0.5,0.0,0.5
pre_selector,23,0.5,0.0,0.5
pre_selector,21,0.5,0.0,0.5
pre_selector,15,0.5,0.0,0.5
pre_selector,14,0.5,0.0,0.5
pre_selector,3,0.5,0.0,0.5
pre_selector,2,0.5,0.0,0.5
pre_selector,1,0.5,0.0,0.5
pre_selector,0,0.5,0.0,0.5
pre_selector,11,0.5,0.0,0.5
pre_selector,20,0.5,0.0,0.5
pre_selector,29,0.5,0.0,0.5
pre_selector,28,0.5,0.0,0.5
pre_selector,33,0.5,0.0,0.5
pre_selector,32,0.5,0.0,0.5
pre_selector,22,0.5,0.0,0.5
response_mean,1,0.4996527777777778,0.06733336341445971,0.4666666666666666
final_prompt,2,0.4989583333333333,0.11015484769486551,0.5125
public_task_span,2,0.49826388888888895,0.1233127837297206,0.5125
response_mean,10,0.49826388888888895,0.05697513569938175,0.5916666666666666
public_task_span,7,0.4979166666666667,0.09039789018214271,0.5833333333333333
public_task_span,12,0.496875,0.028643202741167086,0.5291666666666667
response_mean,4,0.4951388888888889,0.03704065375859609,0.5
response_mean,0,0.49375,0.07734564976155438,0.5
response_first,6,0.49375,0.08218244627235581,0.5166666666666667
response_first,11,0.4927083333333334,0.07013974834456926,0.47916666666666663
response_mean,2,0.4927083333333333,0.08039150561087109,0.4958333333333333
final_prompt,14,0.49097222222222225,0.10923988568035391,0.5
response_mean,9,0.49027777777777776,0.05279604946874506,0.5125
final_prompt,15,0.49027777777777776,0.09049120071812185,0.5916666666666667
response_mean,3,0.48958333333333337,0.07022134866721069,0.5
public_task_span,3,0.48888888888888893,0.06085806194501849,0.4708333333333334
final_prompt,7,0.48784722222222215,0.07850985454579874,0.5166666666666666
response_first,5,0.4875,0.05206018003886478,0.4708333333333333
final_prompt,12,0.4864583333333333,0.065334084758056,0.4833333333333333
response_mean,6,0.4847222222222222,0.10444407505844848,0.4708333333333333
final_prompt,11,0.48159722222222223,0.051319632385763224,0.4875
post_selector,9,0.4795138888888889,0.17705099105523803,0.5125
final_prompt,9,0.4791666666666667,0.07887372702500378,0.5291666666666666
post_selector,6,0.47847222222222224,0.1847861731406076,0.4125
response_mean,5,0.4722222222222222,0.04392052305789417,0.4708333333333333
public_task_span,9,0.47013888888888894,0.04732933114274647,0.5125
response_first,8,0.4697916666666666,0.09254954149628644,0.4708333333333333
final_prompt,8,0.46805555555555556,0.056331388307425685,0.5166666666666667
response_mean,8,0.46805555555555556,0.09259837944879605,0.4666666666666667
post_selector,8,0.4611111111111111,0.12515422584520902,0.4458333333333333
final_prompt,13,0.4600694444444445,0.0729373317277778,0.5041666666666667
response_mean,11,0.4565972222222222,0.07465277777777776,0.5666666666666667
final_prompt,10,0.45555555555555555,0.046481112585226435,0.5
response_first,9,0.453125,0.08457195804735138,0.4541666666666666
response_first,7,0.446875,0.0573127065743413,0.5208333333333334
public_task_span,10,0.4447916666666667,0.07048269011950006,0.4708333333333333
post_selector,0,0.4020833333333333,0.18400157046095766,0.3708333333333333
