phase,layer,n_pairs,delta_norm_mean,direction_coherence,heldout_cosine_mean,heldout_positive_rate,permutation_p
pre_selector,0,0,0.0,0.0,0.0,0.0,1.0
pre_selector,1,0,0.0,0.0,0.0,0.0,1.0
pre_selector,2,0,0.0,0.0,0.0,0.0,1.0
pre_selector,3,0,0.0,0.0,0.0,0.0,1.0
pre_selector,4,0,0.0,0.0,0.0,0.0,1.0
pre_selector,5,0,0.0,0.0,0.0,0.0,1.0
pre_selector,6,0,0.0,0.0,0.0,0.0,1.0
pre_selector,7,0,0.0,0.0,0.0,0.0,1.0
pre_selector,8,0,0.0,0.0,0.0,0.0,1.0
pre_selector,9,0,0.0,0.0,0.0,0.0,1.0
pre_selector,10,0,0.0,0.0,0.0,0.0,1.0
pre_selector,11,0,0.0,0.0,0.0,0.0,1.0
pre_selector,12,0,0.0,0.0,0.0,0.0,1.0
pre_selector,13,0,0.0,0.0,0.0,0.0,1.0
pre_selector,14,0,0.0,0.0,0.0,0.0,1.0
pre_selector,15,0,0.0,0.0,0.0,0.0,1.0
pre_selector,16,0,0.0,0.0,0.0,0.0,1.0
pre_selector,17,0,0.0,0.0,0.0,0.0,1.0
pre_selector,18,0,0.0,0.0,0.0,0.0,1.0
pre_selector,19,0,0.0,0.0,0.0,0.0,1.0
pre_selector,20,0,0.0,0.0,0.0,0.0,1.0
pre_selector,21,0,0.0,0.0,0.0,0.0,1.0
pre_selector,22,0,0.0,0.0,0.0,0.0,1.0
pre_selector,23,0,0.0,0.0,0.0,0.0,1.0
pre_selector,24,0,0.0,0.0,0.0,0.0,1.0
pre_selector,25,0,0.0,0.0,0.0,0.0,1.0
pre_selector,26,0,0.0,0.0,0.0,0.0,1.0
pre_selector,27,0,0.0,0.0,0.0,0.0,1.0
pre_selector,28,0,0.0,0.0,0.0,0.0,1.0
pre_selector,29,0,0.0,0.0,0.0,0.0,1.0
pre_selector,30,0,0.0,0.0,0.0,0.0,1.0
pre_selector,31,0,0.0,0.0,0.0,0.0,1.0
pre_selector,32,0,0.0,0.0,0.0,0.0,1.0
pre_selector,33,0,0.0,0.0,0.0,0.0,1.0
pre_selector,34,0,0.0,0.0,0.0,0.0,1.0
pre_selector,35,0,0.0,0.0,0.0,0.0,1.0
post_selector,0,32,5.092212378512707,0.12560517616508102,0.11289523135861977,0.5625,0.30845771144278605
post_selector,1,32,6.839830576905134,0.1255679518063109,0.11251449068262871,0.5625,0.263681592039801
post_selector,2,32,8.10942300357273,0.12562164569499454,0.11088187446379207,0.5625,0.2835820895522388
post_selector,3,32,10.180983464213238,0.1253453142463043,0.09529891096098957,0.5625,0.2885572139303483
post_selector,4,32,13.671279394580878,0.12599382745959864,0.09285248286618311,0.5625,0.3283582089552239
post_selector,5,32,17.3177610826982,0.1265146111725276,0.09183587647015312,0.5625,0.3283582089552239
post_selector,6,32,20.18178287413146,0.12639627408389773,0.09389464546413526,0.5625,0.3034825870646766
post_selector,7,32,21.683796093628715,0.12633019540744841,0.09118164566004713,0.5625,0.32338308457711445
post_selector,8,32,23.408449354440254,0.12677032436064967,0.082662365062057,0.5625,0.35323383084577115
post_selector,9,32,28.38356654599321,0.12621101163474813,0.07950854377886621,0.5625,0.29850746268656714
post_selector,10,32,28.11989251471919,0.12696358709752098,0.07064875404968447,0.5625,0.35323383084577115
post_selector,11,32,31.200836620958327,0.1320912099198605,0.048343027994333654,0.5625,0.3482587064676617
post_selector,12,32,32.40487366320353,0.23901988415351297,0.12737852156002236,0.5625,0.06467661691542288
post_selector,13,32,36.93897198537029,0.2537644230964535,0.14390213149679842,0.5625,0.029850746268656716
post_selector,14,32,34.573126529411844,0.24811983596563753,0.13595136455909484,0.5625,0.029850746268656716
post_selector,15,32,36.811964147352455,0.24465849167200043,0.12969066270976132,0.5625,0.029850746268656716
post_selector,16,32,40.63729576009825,0.3548134463265157,0.26943002277439687,0.75,0.004975124378109453
post_selector,17,32,43.762978292077555,0.370331664019867,0.28516511076519613,0.8125,0.004975124378109453
post_selector,18,32,49.747970785280636,0.4085201691329055,0.3292324203149305,0.9375,0.004975124378109453
post_selector,19,32,59.68617888234032,0.4635914792745317,0.3945204075246608,1.0,0.004975124378109453
post_selector,20,32,65.23339489877533,0.44747724493581353,0.37558342071137296,0.96875,0.004975124378109453
post_selector,21,32,75.03433916818436,0.444751517593456,0.3726975014075399,0.96875,0.004975124378109453
post_selector,22,32,87.75969059635008,0.394853429675766,0.31499550229837986,0.90625,0.004975124378109453
post_selector,23,32,98.00596139263219,0.38845524291084504,0.3078780114022092,0.875,0.004975124378109453
post_selector,24,32,110.55550338151656,0.36856277131668336,0.2838760349408074,0.8125,0.004975124378109453
post_selector,25,32,122.47633502311842,0.3455316168935953,0.255741607842036,0.6875,0.004975124378109453
post_selector,26,32,137.43970714945652,0.327870489323921,0.2341361681478049,0.625,0.004975124378109453
post_selector,27,32,157.70397244071424,0.3073763439497292,0.20944010571297372,0.59375,0.004975124378109453
post_selector,28,32,180.0670188903589,0.2901558418640865,0.18750822551798207,0.5625,0.004975124378109453
post_selector,29,32,204.61939653495818,0.2793823502055395,0.17352377700840177,0.5625,0.014925373134328358
post_selector,30,32,240.19741201176205,0.26677335795543833,0.15744653155404767,0.5625,0.03482587064676617
post_selector,31,32,277.68221826036336,0.2550959450743864,0.14290211701079583,0.5625,0.04477611940298507
post_selector,32,32,309.42958192614935,0.25114882230734137,0.13676978857964045,0.5625,0.04477611940298507
post_selector,33,32,376.6567866939162,0.23497316951304478,0.11721424323422036,0.5625,0.1044776119402985
post_selector,34,32,455.38258708784576,0.23482740045495237,0.11618340193158906,0.5625,0.06467661691542288
post_selector,35,32,88.0536928858985,0.21723253053084363,0.08920865881618473,0.5625,0.15920398009950248
public_task_span,0,32,0.08077511537209078,0.1312042357759634,0.042329535293960274,0.5625,0.3582089552238806
public_task_span,1,32,0.12030365612641405,0.13921564412140053,0.020413192636702146,0.5625,0.4527363184079602
public_task_span,2,32,0.18857853017356013,0.13321795387320712,0.02335307420288263,0.5625,0.47761194029850745
public_task_span,3,32,0.2468987769823658,0.13426527318179085,0.01689807340835925,0.5625,0.44776119402985076
public_task_span,4,32,0.29544291423808694,0.13853824339823118,0.003537157543289274,0.5625,0.4527363184079602
public_task_span,5,32,0.36774640812665493,0.13884646096726036,-0.004821104476164795,0.5625,0.5223880597014925
public_task_span,6,32,0.44327430419106584,0.13975585834348803,-0.012508082235847318,0.5625,0.582089552238806
public_task_span,7,32,0.5524359585165031,0.13946301090810745,-0.013613209753954664,0.5625,0.5522388059701493
public_task_span,8,32,0.6516321497527612,0.1404287977929036,-0.022436896278055535,0.5625,0.572139303482587
public_task_span,9,32,0.6951312285489302,0.14664421824297913,-0.013746473380568391,0.5625,0.5771144278606966
public_task_span,10,32,0.8157858936871506,0.14514821889417867,-0.010877067671539897,0.5625,0.5522388059701493
public_task_span,11,32,0.9389636045703496,0.14452052748405994,-0.008913341417674345,0.5625,0.5572139303482587
public_task_span,12,32,0.991533281348537,0.14123057492566482,-0.017844841228279118,0.5625,0.5572139303482587
public_task_span,13,32,0.9941072274707228,0.14857336314355893,-0.017633905685023418,0.5625,0.6119402985074627
public_task_span,14,32,1.1438522489061747,0.2087931280423534,0.0744519151087625,0.5625,0.1890547263681592
public_task_span,15,32,1.2257639283982815,0.24502031500787735,0.12486474162324716,0.5625,0.03980099502487562
public_task_span,16,32,1.3858290480152302,0.30276625165545157,0.20495332340150557,0.65625,0.004975124378109453
public_task_span,17,32,1.5364270334873742,0.33481059787912304,0.24563309790823282,0.75,0.004975124378109453
public_task_span,18,32,1.7186194262653458,0.34869942693904044,0.26081361149701243,0.78125,0.004975124378109453
public_task_span,19,32,2.3239469916115683,0.4030801326947711,0.3258097399757489,0.875,0.004975124378109453
public_task_span,20,32,2.5210674271111735,0.40542522522656316,0.3275962607220837,0.9375,0.004975124378109453
public_task_span,21,32,2.7929511333626595,0.41465004020762497,0.33878960863818325,0.9375,0.004975124378109453
public_task_span,22,32,3.4376162994424027,0.44664011050446323,0.376959880005033,1.0,0.004975124378109453
public_task_span,23,32,4.057299400386134,0.4587320525149397,0.3911456143456695,1.0,0.004975124378109453
public_task_span,24,32,4.634243055491906,0.46313952311855255,0.3972188550850176,1.0,0.004975124378109453
public_task_span,25,32,5.289285374126029,0.4602024267900466,0.3943112078786809,0.96875,0.004975124378109453
public_task_span,26,32,5.876441005267898,0.46961076329015766,0.4062060629706321,0.96875,0.004975124378109453
public_task_span,27,32,6.693877377243782,0.4617661670159292,0.3970495167159691,0.96875,0.004975124378109453
public_task_span,28,32,7.792949656548446,0.4581161049308285,0.39228951616666674,0.96875,0.004975124378109453
public_task_span,29,32,8.631096875729613,0.4495933105635921,0.38144907853150556,0.96875,0.004975124378109453
public_task_span,30,32,10.442035116349023,0.4559368120117241,0.3902239431554034,0.9375,0.004975124378109453
public_task_span,31,32,11.469049912040187,0.45726131534354747,0.39190636395065603,0.9375,0.004975124378109453
public_task_span,32,32,12.774358930682121,0.4529228505205598,0.3867236213600851,0.875,0.004975124378109453
public_task_span,33,32,13.782508574360111,0.4594565355219613,0.39518026061425376,0.9375,0.004975124378109453
public_task_span,34,32,17.279266945142034,0.4612847375128068,0.39999540905476966,0.90625,0.004975124378109453
public_task_span,35,32,2.9054267300873953,0.46920141517922254,0.41096624934432996,0.90625,0.004975124378109453
final_prompt,0,32,0.050536713882900666,0.14501408401746094,-0.006252851493726633,0.5625,0.5472636815920398
final_prompt,1,32,0.10469366042616052,0.1712251984609061,0.0032075652953663034,0.5625,0.5024875621890548
final_prompt,2,32,0.14345653718556953,0.15637950604875944,-0.04325324774241128,0.5,0.7412935323383084
final_prompt,3,32,0.192966535344999,0.16930562423955986,-0.013251598376268256,0.53125,0.5572139303482587
final_prompt,4,32,0.25988828050248686,0.20034281211655625,0.044713799520929964,0.5625,0.14925373134328357
final_prompt,5,32,0.3379342950599493,0.1882470337869587,0.019659080751001895,0.5625,0.3333333333333333
final_prompt,6,32,0.4184119576795908,0.17972253384228054,0.002489150348617769,0.5625,0.47761194029850745
final_prompt,7,32,0.48884124939829704,0.17073613914998448,-0.014993608573565393,0.46875,0.6616915422885572
final_prompt,8,32,0.6378166333630381,0.15837667792892735,-0.03326540517089892,0.5625,0.8208955223880597
final_prompt,9,32,0.8061322581105026,0.16092369109119245,-0.025773534515665508,0.53125,0.6915422885572139
final_prompt,10,32,0.8967068282393711,0.18069684320584833,0.017891701784340776,0.5625,0.3482587064676617
final_prompt,11,32,0.9775322184317545,0.18011140415328214,0.014048788427289328,0.53125,0.3034825870646766
final_prompt,12,32,1.0375732335290657,0.17722791416841968,0.012134194358080157,0.53125,0.417910447761194
final_prompt,13,32,1.2807863450419892,0.1726512540555124,0.0024201829494650343,0.53125,0.5074626865671642
final_prompt,14,32,1.387294140597524,0.1720072627140308,-0.001556407878816654,0.53125,0.5472636815920398
final_prompt,15,32,1.535371685329277,0.18077467763813587,0.014266543546298818,0.53125,0.3781094527363184
final_prompt,16,32,1.6954195421653164,0.1989625888743383,0.04545600054734787,0.5625,0.0945273631840796
final_prompt,17,32,1.9557757934871343,0.2468266399221042,0.12250908201760148,0.65625,0.004975124378109453
final_prompt,18,32,2.8385883226584667,0.46652681629852055,0.40679302799803074,0.96875,0.004975124378109453
final_prompt,19,32,4.732595119304954,0.622317793748869,0.5835328887402178,1.0,0.004975124378109453
final_prompt,20,32,6.856609204168095,0.6693943726860507,0.6358493766960374,1.0,0.004975124378109453
final_prompt,21,32,9.015281235832738,0.6986815598941217,0.6677982867729618,1.0,0.004975124378109453
final_prompt,22,32,10.584289903700466,0.7093318663437341,0.6794319945440471,1.0,0.004975124378109453
final_prompt,23,32,13.794900574827585,0.6980017542906316,0.6659081696425247,1.0,0.004975124378109453
final_prompt,24,32,16.085998726718586,0.7015447179456032,0.6694452891919473,1.0,0.004975124378109453
final_prompt,25,32,18.582865163865186,0.7144367687031014,0.6835863680093333,1.0,0.004975124378109453
final_prompt,26,32,21.81603745851299,0.7145872201629734,0.6829509145168281,1.0,0.004975124378109453
final_prompt,27,32,24.61106744962112,0.7151985840047399,0.6830356934452051,1.0,0.004975124378109453
final_prompt,28,32,28.302280105793383,0.7137420827223051,0.6810051266966891,1.0,0.004975124378109453
final_prompt,29,32,31.38795000453607,0.712482252163953,0.6793202389762392,1.0,0.004975124378109453
final_prompt,30,32,35.14196142034085,0.7107414440174877,0.6774940997588959,1.0,0.004975124378109453
final_prompt,31,32,38.729731552283894,0.6970682059045054,0.6624828870512485,1.0,0.004975124378109453
final_prompt,32,32,42.701695483728315,0.6865967627379813,0.650933896214053,1.0,0.004975124378109453
final_prompt,33,32,47.479393505771526,0.6652879526916065,0.6274740607565619,1.0,0.004975124378109453
final_prompt,34,32,55.29881283291236,0.6568869798094318,0.6176564582172144,1.0,0.004975124378109453
final_prompt,35,32,12.861494544714459,0.6306929772818588,0.5856149493851435,1.0,0.004975124378109453
response_first,0,32,0.038149557502027615,0.1826739932061773,0.01817374291743507,0.5625,0.23383084577114427
response_first,1,32,0.10284475561200823,0.20182165377313183,0.0627265145550766,0.5625,0.16417910447761194
response_first,2,32,0.1632615369250514,0.17286937991750584,0.014671580497434777,0.53125,0.43781094527363185
response_first,3,32,0.2586578486551362,0.15021895039438835,-0.042260324758325675,0.53125,0.8109452736318408
response_first,4,32,0.36896547463808793,0.14855760316315084,-0.05142138773510019,0.46875,0.8407960199004975
response_first,5,32,0.46788708162139087,0.15560493570774267,-0.03863156805134228,0.53125,0.7910447761194029
response_first,6,32,0.5119460432554073,0.14860514855208884,-0.058367567080748535,0.4375,0.9353233830845771
response_first,7,32,0.5905355041854518,0.15509429094070176,-0.045144933624660766,0.46875,0.8606965174129353
response_first,8,32,0.9906435696554561,0.14163256621004353,-0.04629896764292765,0.5625,0.6368159203980099
response_first,9,32,1.2448987969426266,0.14474622321117497,-0.0484069691564451,0.46875,0.7412935323383084
response_first,10,32,1.1983065321441981,0.14776609066481575,-0.04672771750326156,0.46875,0.7313432835820896
response_first,11,32,1.44343958584416,0.15162541569070634,-0.021260382816774025,0.5625,0.5671641791044776
response_first,12,32,1.6410963481413567,0.1548276224047556,-0.013494757430289973,0.5625,0.582089552238806
response_first,13,32,1.8154646683349427,0.16273376474243811,-0.00792527418760347,0.5625,0.5870646766169154
response_first,14,32,1.8817765721462942,0.17175750177484073,0.0010586009969748705,0.5625,0.4626865671641791
response_first,15,32,2.146224320525887,0.18601901935779208,0.028177129600877024,0.5625,0.3034825870646766
response_first,16,32,2.1957627041844043,0.22031981508441112,0.08490601748708927,0.5625,0.0845771144278607
response_first,17,32,2.5091283571988874,0.24297967968746964,0.1151151433542299,0.59375,0.014925373134328358
response_first,18,32,3.244849162209062,0.30096325987001243,0.1971377379494798,0.6875,0.004975124378109453
response_first,19,32,4.117532803708928,0.3817608662896185,0.3032347612712854,0.8125,0.004975124378109453
response_first,20,32,5.378278387322002,0.49286049725916103,0.43535075226791586,1.0,0.004975124378109453
response_first,21,32,7.250550587916986,0.5628714558256096,0.5151068029702406,1.0,0.004975124378109453
response_first,22,32,8.459823550418506,0.5844481818108328,0.5390132208451016,1.0,0.004975124378109453
response_first,23,32,10.023337440985923,0.5865333677547971,0.5405680551222212,1.0,0.004975124378109453
response_first,24,32,11.746706410986366,0.5913898586967091,0.5467785072805837,1.0,0.004975124378109453
response_first,25,32,13.318537634829639,0.6023287593130845,0.5587276366760349,1.0,0.004975124378109453
response_first,26,32,14.83255665343144,0.6005880134970503,0.5565894205296855,1.0,0.004975124378109453
response_first,27,32,16.48374327243028,0.6032159588339214,0.5599894434090226,1.0,0.004975124378109453
response_first,28,32,18.328601451663033,0.6019048548185824,0.5581377134366483,1.0,0.004975124378109453
response_first,29,32,20.712475151741437,0.6057511020756696,0.5615753846618983,1.0,0.004975124378109453
response_first,30,32,22.802591926918133,0.6065932530279641,0.5625068225714234,1.0,0.004975124378109453
response_first,31,32,24.360706389553478,0.6062594691804946,0.562136519707128,1.0,0.004975124378109453
response_first,32,32,27.106280903734763,0.6071303950610343,0.5635914757722672,1.0,0.004975124378109453
response_first,33,32,32.06305089624675,0.611083272563113,0.5663683572779656,1.0,0.004975124378109453
response_first,34,32,40.225814988479655,0.6136920769505916,0.5701000617026718,1.0,0.004975124378109453
response_first,35,32,13.03108610004251,0.695073255178446,0.669648333415627,0.9375,0.004975124378109453
response_mean,0,32,0.02204451429543593,0.15309059013752904,-0.040220197145265,0.5625,0.7014925373134329
response_mean,1,32,0.050717946676704595,0.16682183965260194,0.0017785045192319146,0.5625,0.47761194029850745
response_mean,2,32,0.08694433967031229,0.15652055121065087,-0.01636211410651342,0.5625,0.5472636815920398
response_mean,3,32,0.1291792772444948,0.1510869723516139,-0.03066145008247581,0.5625,0.7412935323383084
response_mean,4,32,0.17831454107263206,0.15086690583135745,-0.038675479800224205,0.53125,0.7263681592039801
response_mean,5,32,0.22467871051135488,0.1523785977542393,-0.03563700271151546,0.5625,0.7611940298507462
response_mean,6,32,0.2592845761463367,0.15179780347765714,-0.04256711370052687,0.53125,0.8109452736318408
response_mean,7,32,0.33599310502911817,0.16431202581533072,-0.012601301002650413,0.5,0.5373134328358209
response_mean,8,32,0.5356417829040951,0.16090895699175606,-0.002663899647506622,0.5625,0.5422885572139303
response_mean,9,32,0.6184507623719658,0.15503695024404718,-0.024975365816440727,0.5,0.6616915422885572
response_mean,10,32,0.6415244271735698,0.1543569160176319,-0.025604257833709183,0.53125,0.5870646766169154
response_mean,11,32,0.7644801066579003,0.15167658975968323,-0.02395860427910665,0.53125,0.572139303482587
response_mean,12,32,0.8428064558706818,0.16387077771016445,-0.002761041572177339,0.5625,0.5621890547263682
response_mean,13,32,0.9559597592158027,0.17742708305798544,0.01638957315423261,0.5625,0.40298507462686567
response_mean,14,32,1.0842623669237517,0.2128906584505006,0.0712075240369611,0.5625,0.14427860696517414
response_mean,15,32,1.3189878419364331,0.2450541528473732,0.12465392324701963,0.5625,0.0845771144278607
response_mean,16,32,1.4805067693145957,0.3148600101492156,0.22096749908086508,0.71875,0.004975124378109453
response_mean,17,32,1.7140188563429941,0.34090484604747107,0.2530400669090781,0.78125,0.004975124378109453
response_mean,18,32,2.6866618721485924,0.5390263595984394,0.4913750577281192,0.96875,0.004975124378109453
response_mean,19,32,4.052057657888136,0.6158578147975017,0.575247508102344,1.0,0.004975124378109453
response_mean,20,32,5.849926105055851,0.6563444842837949,0.6206404102182921,1.0,0.004975124378109453
response_mean,21,32,8.185367302398584,0.6769353767051296,0.6406912033745529,1.0,0.004975124378109453
response_mean,22,32,9.244620133307436,0.667107433723556,0.6292454610152467,1.0,0.004975124378109453
response_mean,23,32,11.44197232110247,0.6424626144992457,0.600218645174962,1.0,0.004975124378109453
response_mean,24,32,12.927179415531189,0.6336201883271574,0.589731157253569,1.0,0.004975124378109453
response_mean,25,32,14.464623744446369,0.6235910425348408,0.5773219637840763,1.0,0.004975124378109453
response_mean,26,32,16.717717742331054,0.6233494054552641,0.5756625046567617,1.0,0.004975124378109453
response_mean,27,32,18.429685079846855,0.6270247985405303,0.5803307889702306,1.0,0.004975124378109453
response_mean,28,32,20.449679042583586,0.6259889734879147,0.5791792733175212,1.0,0.004975124378109453
response_mean,29,32,22.343124209406305,0.6199034859083431,0.5722332969767772,1.0,0.004975124378109453
response_mean,30,32,25.02896935456924,0.6180216560734855,0.5702848172899206,1.0,0.004975124378109453
response_mean,31,32,27.388659052452937,0.6220138908243015,0.5747529408896456,1.0,0.004975124378109453
response_mean,32,32,30.09784683162869,0.6189698003658881,0.5714338771730587,1.0,0.004975124378109453
response_mean,33,32,33.54659796828308,0.6196503721265173,0.5725751236220262,1.0,0.004975124378109453
response_mean,34,32,38.62273839427306,0.6255915780508149,0.579740623301523,1.0,0.004975124378109453
response_mean,35,32,9.825501109865268,0.7095080781840402,0.6782369474372097,1.0,0.004975124378109453
